#
# A fatal error has been detected by the Java Runtime Environment:
#
#  SIGSEGV (0xb) at pc=0x0000000102155808, pid=63474, tid=259
#
# JRE version: OpenJDK Runtime Environment Temurin-21.0.8+9 (21.0.8+9) (build 21.0.8+9-LTS)
# Java VM: OpenJDK 64-Bit Server VM Temurin-21.0.8+9 (21.0.8+9-LTS, mixed mode, emulated-client, tiered, compressed oops, compressed class ptrs, g1 gc, bsd-aarch64)
# Problematic frame:
# C  [Python+0x119808]  _PyObject_Malloc+0x74
#
# No core dump will be written. Core dumps have been disabled. To enable core dumping, try "ulimit -c unlimited" before starting Java again
#
# If you would like to submit a bug report, please visit:
#   https://github.com/adoptium/adoptium-support/issues
# The crash happened outside the Java Virtual Machine in native code.
# See problematic frame for where to report the bug.
#

---------------  S U M M A R Y ------------

Command Line: -XX:TieredStopAtLevel=1 

Host: "Mac17,4" arm64, 10 cores, 32G, Darwin 25.4.0, macOS 26.4 (25E246)
Time: Fri Apr 10 22:49:22 2026 EDT elapsed time: 154.090214 seconds (0d 0h 2m 34s)

---------------  T H R E A D  ---------------

Current thread (0x0000000c66958700):  JavaThread "main"             [_thread_in_native, id=259, stack(0x000000016df90000,0x000000016ef90000) (16384K)]

Stack: [0x000000016df90000,0x000000016ef90000],  sp=0x000000016ef72dc0,  free space=16267k
Native frames: (J=compiled Java code, j=interpreted, Vv=VM code, C=native code)
C  [Python+0x119808]  _PyObject_Malloc+0x74
C  [Python+0xba700]  list_extend_lock_held+0x68
C  [Python+0xb997c]  list_vectorcall+0x694
C  [Python+0x21963c]  _PyEval_EvalFrameDefault+0x1c8c4
C  [Python+0x1fa1e8]  _PyEval_Vector+0x264
C  [Python+0x85208]  PyObject_CallOneArg+0x84
C  [Python+0x10877c]  PyObject_GetOptionalAttr+0x118
C  [Python+0x1f54c4]  builtin_hasattr+0x20
C  [Python+0x21a3b0]  _PyEval_EvalFrameDefault+0x1d638
C  [Python+0xa5be8]  gen_iternext+0x88
C  [Python+0x22b75c]  _PyEval_EvalFrameDefault+0x2e9e4
C  [Python+0x1fa1e8]  _PyEval_Vector+0x264
C  [Python+0x89174]  method_vectorcall+0x1c8
C  [Python+0x21ecb4]  _PyEval_EvalFrameDefault+0x21f3c
C  [Python+0x1fa1e8]  _PyEval_Vector+0x264
C  [Python+0x890ec]  method_vectorcall+0x140
C  [Python+0x83d48]  _PyObject_VectorcallTstate.837+0x48
C  [Python+0x86c04]  PyObject_CallMethod+0x70
C  [_macosx.cpython-314-darwin.so+0x5c44]  __Timer__timer_start_block_invoke+0x34
C  [Foundation+0x94da4]  __NSFireTimer+0x68
C  [CoreFoundation+0x96d50]  __CFRUNLOOP_IS_CALLING_OUT_TO_A_TIMER_CALLBACK_FUNCTION__+0x20
C  [CoreFoundation+0x96a48]  __CFRunLoopDoTimer+0x3d4
C  [CoreFoundation+0x965c0]  __CFRunLoopDoTimers+0x118
C  [CoreFoundation+0x7c8c8]  __CFRunLoopRun+0x718
C  [CoreFoundation+0x14ebe0]  _CFRunLoopRunSpecificWithOptions+0x214
C  [HIToolbox+0xbd560]  RunCurrentEventLoopInMode+0x140
C  [HIToolbox+0xc08bc]  ReceiveNextEventCommon+0x1e8
C  [HIToolbox+0x24a13c]  _BlockUntilNextEventMatchingListInMode+0x30
C  [AppKit+0x6e51a4]  _DPSBlockUntilNextEventMatchingListInMode+0xe4
C  [AppKit+0x39084]  _DPSNextEvent+0x240
C  [AppKit+0xbce69c]  -[NSApplication(NSEventRouting) _nextEventMatchingEventMask:untilDate:inMode:dequeue:]+0x2b0
C  [AppKit+0xbce3a8]  -[NSApplication(NSEventRouting) nextEventMatchingMask:untilDate:inMode:dequeue:]+0x48
C  [AppKit+0x2c13c]  -[NSApplication run]+0x170
C  [_macosx.cpython-314-darwin.so+0x739c]  show+0x5c
C  [Python+0x212788]  _PyEval_EvalFrameDefault+0x15a10
C  [Python+0x1fa1e8]  _PyEval_Vector+0x264
C  [Python+0x890ec]  method_vectorcall+0x140
C  [Python+0x21c500]  _PyEval_EvalFrameDefault+0x1f788
C  [Python+0x1fa1e8]  _PyEval_Vector+0x264
C  [Python+0x1f9ee0]  PyEval_EvalCode+0xa0
C  [Python+0x1f4308]  builtin_eval+0x404
C  [Python+0x21b118]  _PyEval_EvalFrameDefault+0x1e3a0
C  [Python+0x1fa1e8]  _PyEval_Vector+0x264
C  [Python+0x2f77b4]  call_one_instrument+0x68
C  [Python+0x2f7eb8]  _Py_call_instrumentation_line+0x280
C  [Python+0x2521d0]  _PyEval_EvalFrameDefault+0x55458
C  [Python+0x1fa1e8]  _PyEval_Vector+0x264
C  [Python+0x1f9ee0]  PyEval_EvalCode+0xa0
C  [Python+0x1f4578]  builtin_exec+0x170
C  [Python+0x212788]  _PyEval_EvalFrameDefault+0x15a10
C  [Python+0x1fa1e8]  _PyEval_Vector+0x264
C  [Python+0x1f9ee0]  PyEval_EvalCode+0xa0
C  [Python+0x1f4578]  builtin_exec+0x170
C  [Python+0x212788]  _PyEval_EvalFrameDefault+0x15a10
C  [Python+0x1fa1e8]  _PyEval_Vector+0x264
C  [Python+0x361660]  pymain_run_module+0xac
C  [Python+0x3611dc]  Py_RunMain+0x810
C  [Python+0x362234]  pymain_main+0x1bc
C  [Python+0x3623b4]  Py_BytesMain+0x28
C  [dyld+0x1fda4]  start+0x1b50

siginfo: si_signo: 11 (SIGSEGV), si_code: 2 (SEGV_ACCERR), si_addr: 0x2000000000000000

Registers:
 x0=0x2000000000000000  x1=0x00000000000000f0  x2=0x0000000000000000  x3=0x0000000137f21328
 x4=0x0000000c64835900  x5=0x0000000000000000  x6=0xffffffffbfc007ff  x7=0xfffff0003ffff800
 x8=0x00000000000000ef  x9=0x000000010fc88000 x10=0x0000000133600000 x11=0x0000000000000044
x12=0x0000000000000000 x13=0x000000000000001c x14=0x00000001335d5540 x15=0x000000000000007b
x16=0x0000000000000018 x17=0x00000001016d99c0 x18=0x0000000000000000 x19=0x0000000102645a78
x20=0x0000000137f21300 x21=0x000000000000001d x22=0x0000000000000000 x23=0x000000000000001e
x24=0x0000000000000028 x25=0x0000000000000001 x26=0x0000000100f96930 x27=0x000000010261cd48
x28=0xfffffffffffffffe  fp=0x000000016ef72e40  lr=0x00000001021557c4  sp=0x000000016ef72dc0
pc=0x0000000102155808 cpsr=0x0000000080000000

Register to memory mapping:

x0 =0x2000000000000000 is an unknown value
x1 =0x00000000000000f0 is an unknown value
x2 =0x0 is null
x3 =0x0000000137f21328 points into unknown readable memory: 0x0000000000000000 | 00 00 00 00 00 00 00 00
x4 =0x0000000c64835900 points into unknown readable memory: 0x0000000137c70640 | 40 06 c7 37 01 00 00 00
x5 =0x0 is null
x6 =0xffffffffbfc007ff is an unknown value
x7 =0xfffff0003ffff800 is an unknown value
x8 =0x00000000000000ef is an unknown value
x9 =0x000000010fc88000 points into unknown readable memory: 0x0000000000000044 | 44 00 00 00 00 00 00 00
x10=0x0000000133600000 points into unknown readable memory: 0x0000000000000004 | 04 00 00 00 00 00 00 00
x11=0x0000000000000044 is an unknown value
x12=0x0 is null
x13=0x000000000000001c is an unknown value
x14=0x00000001335d5540 points into unknown readable memory: 0x0000000000000001 | 01 00 00 00 00 00 00 00
x15=0x000000000000007b is an unknown value
x16=0x0000000000000018 is an unknown value
x17=0x00000001016d99c0 points into unknown readable memory: 0x00000001025a7420 | 20 74 5a 02 01 00 00 00
x18=0x0 is null
x19=0x0000000102645a78: obmalloc_state_main+0 in /Library/Frameworks/Python.framework/Versions/3.14/Python at 0x000000010203c000
x20=0x0000000137f21300 points into unknown readable memory: 0x0000000000000001 | 01 00 00 00 00 00 00 00
x21=0x000000000000001d is an unknown value
x22=0x0 is null
x23=0x000000000000001e is an unknown value
x24=0x0000000000000028 is an unknown value
x25=0x0000000000000001 is an unknown value
x26=0x0000000100f96930 points into unknown readable memory: 0x0000000133668d71 | 71 8d 66 33 01 00 00 00
x27=0x000000010261cd48: _Py_tss_tstate+0 in /Library/Frameworks/Python.framework/Versions/3.14/Python at 0x000000010203c000
x28=0xfffffffffffffffe is an unknown value
 fp=0x000000016ef72e40 is pointing into the stack for thread: 0x0000000c66958700
 lr=0x00000001021557c4: _PyObject_Malloc+0x30 in /Library/Frameworks/Python.framework/Versions/3.14/Python at 0x000000010203c000
 sp=0x000000016ef72dc0 is pointing into the stack for thread: 0x0000000c66958700

Top of Stack: (sp=0x000000016ef72dc0)
0x000000016ef72dc0:   0000000000004217 000000000000009d
0x000000016ef72dd0:   000000010fa81200 0000000102645a78
0x000000016ef72de0:   00000001fc1619a0 000000000001c000
0x000000016ef72df0:   fffffffffffffffe 000000010261cd48
0x000000016ef72e00:   0000000100f96930 0000000000000001
0x000000016ef72e10:   0000000000000028 000000000000001e
0x000000016ef72e20:   0000000000000000 000000000000001d
0x000000016ef72e30:   0000000137f21300 000000010fa81200
0x000000016ef72e40:   000000016ef72e80 00000001020f6700
0x000000016ef72e50:   0000000000000028 000000010fa81200
0x000000016ef72e60:   000000016ef734b8 00000001025c5148
0x000000016ef72e70:   0000000137f21310 0000000137f21300
0x000000016ef72e80:   000000016ef72f30 00000001020f597c
0x000000016ef72e90:   000000016ef72ec0 00000001020fc238
0x000000016ef72ea0:   00000000000042bf 0000000000000001
0x000000016ef72eb0:   000000010261c960 00000001335d5540
0x000000016ef72ec0:   000000016ef72f30 00000001020fcac0
0x000000016ef72ed0:   000000016ef72f30 0000000000000001
0x000000016ef72ee0:   fffffffffffffffe 0000000100f96928
0x000000016ef72ef0:   0000000100f96930 0000000000000001
0x000000016ef72f00:   0000000100f96928 000000016ef734b8
0x000000016ef72f10:   0000000000000001 0000000000000001
0x000000016ef72f20:   00000001025c5148 0000000100f96850
0x000000016ef72f30:   000000016ef75690 000000010225563c
0x000000016ef72f40:   0000000c64f1ddd1 000000011015f9c0
0x000000016ef72f50:   00000001268be520 00000001025e1508
0x000000016ef72f60:   0000000c673b9810 0000000c6d819630
0x000000016ef72f70:   00000001102a14d4 00000001102a14d4
0x000000016ef72f80:   000000016ef73b40 000000016ef73838
0x000000016ef72f90:   000000016ef73940 0000000000000000
0x000000016ef72fa0:   000000010f9cce00 00000001025d3040
0x000000016ef72fb0:   000000010fa16bc0 0000000000000000 

Instructions: (pc=0x0000000102155808)
0x0000000102155708:   46 09 00 94 00 00 80 52 fd 7b c1 a8 c0 03 5f d6
0x0000000102155718:   00 00 80 12 c0 03 5f d6 00 00 80 52 c8 23 00 d0
0x0000000102155728:   08 01 38 91 09 00 00 90 29 61 04 91 1f 25 00 a9
0x0000000102155738:   09 00 00 90 29 91 04 91 0a 00 00 90 4a 11 05 91
0x0000000102155748:   09 29 01 a9 09 00 00 90 29 61 05 91 09 7d 02 a9
0x0000000102155758:   09 00 00 90 29 51 1e 91 0a 00 00 90 4a 21 38 91
0x0000000102155768:   09 29 03 a9 0b 00 00 b0 6b 81 0f 91 1f 25 05 a9
0x0000000102155778:   09 00 00 d0 29 51 0c 91 0b 25 04 a9 0a 2d 06 a9
0x0000000102155788:   09 39 00 f9 1f 09 01 b9 e0 ff ff 17 ff 43 02 d1
0x0000000102155798:   fc 6f 03 a9 fa 67 04 a9 f8 5f 05 a9 f6 57 06 a9
0x00000001021557a8:   f4 4f 07 a9 fd 7b 08 a9 fd 03 02 91 20 26 00 f0
0x00000001021557b8:   00 20 35 91 08 00 40 f9 00 01 3f d6 08 00 40 f9
0x00000001021557c8:   08 09 40 f9 13 55 55 f9 28 04 08 d1 1f 01 08 b1
0x00000001021557d8:   03 30 00 54 28 04 00 51 0b 7d 04 53 6d 79 1f 53
0x00000001021557e8:   69 5a 6d f8 2a 09 40 f9 3f 01 0a eb 00 02 00 54
0x00000001021557f8:   2b 01 40 b9 6b 05 00 11 2b 01 00 b9 20 05 40 f9
0x0000000102155808:   0b 00 40 f9 2b 05 00 f9 cb 06 00 b4 fd 7b 48 a9
0x0000000102155818:   f4 4f 47 a9 f6 57 46 a9 f8 5f 45 a9 fa 67 44 a9
0x0000000102155828:   fc 6f 43 a9 ff 43 02 91 c0 03 5f d6 6e 0e 41 f9
0x0000000102155838:   ee 06 00 b4 e9 03 0e aa 2a 0d 41 b8 6c 4e 2a 8b
0x0000000102155848:   8c 11 41 f9 9f 01 0e eb 81 00 00 54 ec 03 0a aa
0x0000000102155858:   6c 0e 0c 8b 9f 11 01 f9 5f 09 00 71 83 00 00 54
0x0000000102155868:   4c 05 00 51 6c 4e 2c 8b 8e 11 01 f9 cc 0d 40 f9
0x0000000102155878:   2c 0f 00 b4 8f 09 40 f9 cf 0d 00 f9 4a 05 00 71
0x0000000102155888:   2a 01 00 b9 a0 11 00 54 69 7a 6d f8 89 25 01 a9
0x0000000102155898:   2c 31 01 a9 29 00 80 52 89 01 00 b9 89 25 40 b9
0x00000001021558a8:   3f 01 0b 6b c0 02 00 54 08 6d 1c 12 09 41 00 11
0x00000001021558b8:   2a 79 1f 53 4a c1 00 11 8b a9 04 29 0a fe 87 52
0x00000001021558c8:   48 01 08 4b 88 2d 00 b9 80 c1 00 91 08 00 09 8b
0x00000001021558d8:   88 05 00 f9 1f 68 29 f8 a0 f9 ff b5 3d 01 00 14
0x00000001021558e8:   2b 31 45 29 7f 01 0c 6b 89 0d 00 54 28 0d 40 f9
0x00000001021558f8:   48 0d 00 f9 0a 09 00 f9 c5 ff ff 17 80 05 40 f9 


Stack slot to memory mapping:

stack at sp + 0 slots: 0x0000000000004217 is an unknown value
stack at sp + 1 slots: 0x000000000000009d is an unknown value
stack at sp + 2 slots: 0x000000010fa81200 points into unknown readable memory: 0x0000000000000002 | 02 00 00 00 00 00 00 00
stack at sp + 3 slots: 0x0000000102645a78: obmalloc_state_main+0 in /Library/Frameworks/Python.framework/Versions/3.14/Python at 0x000000010203c000
stack at sp + 4 slots: 0x00000001fc1619a0 points into unknown readable memory: 0x00000001fc1618c0 | c0 18 16 fc 01 00 00 00
stack at sp + 5 slots: 0x000000000001c000 is an unknown value
stack at sp + 6 slots: 0xfffffffffffffffe is an unknown value
stack at sp + 7 slots: 0x000000010261cd48: _Py_tss_tstate+0 in /Library/Frameworks/Python.framework/Versions/3.14/Python at 0x000000010203c000


---------------  P R O C E S S  ---------------

Threads class SMR info:
_java_thread_list=0x0000000c68065b60, length=10, elements={
0x0000000c66958700, 0x0000000c66959c00, 0x0000000c6695a300, 0x0000000c6695aa00,
0x0000000c6695b100, 0x0000000c6695b800, 0x0000000c670d1800, 0x0000000c65934000,
0x0000000c65934700, 0x0000000c65934e00
}

Java Threads: ( => current thread )
=>0x0000000c66958700 JavaThread "main"                              [_thread_in_native, id=259, stack(0x000000016df90000,0x000000016ef90000) (16384K)]
  0x0000000c66959c00 JavaThread "Reference Handler"          daemon [_thread_blocked, id=30979, stack(0x0000000173f30000,0x0000000174133000) (2060K)]
  0x0000000c6695a300 JavaThread "Finalizer"                  daemon [_thread_blocked, id=24579, stack(0x000000017413c000,0x000000017433f000) (2060K)]
  0x0000000c6695aa00 JavaThread "Signal Dispatcher"          daemon [_thread_blocked, id=24835, stack(0x0000000174348000,0x000000017454b000) (2060K)]
  0x0000000c6695b100 JavaThread "Service Thread"             daemon [_thread_blocked, id=30211, stack(0x0000000174554000,0x0000000174757000) (2060K)]
  0x0000000c6695b800 JavaThread "Monitor Deflation Thread"   daemon [_thread_blocked, id=25091, stack(0x0000000174760000,0x0000000174963000) (2060K)]
  0x0000000c670d1800 JavaThread "C1 CompilerThread0"         daemon [_thread_blocked, id=25347, stack(0x000000017496c000,0x0000000174b6f000) (2060K)]
  0x0000000c65934000 JavaThread "Notification Thread"        daemon [_thread_blocked, id=25859, stack(0x0000000174d84000,0x0000000174f87000) (2060K)]
  0x0000000c65934700 JavaThread "Common-Cleaner"             daemon [_thread_blocked, id=26115, stack(0x0000000174f90000,0x0000000175193000) (2060K)]
  0x0000000c65934e00 JavaThread "Python Reference Queue"     daemon [_thread_in_native, id=26627, stack(0x000000017519c000,0x000000017539f000) (2060K)]
Total: 10

Other Threads:
  0x0000000c65ff4000 VMThread "VM Thread"                           [id=17411, stack(0x0000000173c0c000,0x0000000173e0f000) (2060K)]
  0x0000000c66950380 WatcherThread "VM Periodic Task Thread"        [id=13059, stack(0x0000000173a00000,0x0000000173c03000) (2060K)]
  0x0000000c66955000 WorkerThread "GC Thread#0"                     [id=15107, stack(0x0000000172fc4000,0x00000001731c7000) (2060K)]
  0x0000000c65981c00 WorkerThread "GC Thread#1"                     [id=28163, stack(0x00000001757c0000,0x00000001759c3000) (2060K)]
  0x0000000c65982000 WorkerThread "GC Thread#2"                     [id=27651, stack(0x00000001759cc000,0x0000000175bcf000) (2060K)]
  0x0000000c65983000 WorkerThread "GC Thread#3"                     [id=43267, stack(0x0000000175bd8000,0x0000000175ddb000) (2060K)]
  0x0000000c65983400 WorkerThread "GC Thread#4"                     [id=33027, stack(0x0000000175de4000,0x0000000175fe7000) (2060K)]
  0x0000000c66484c00 WorkerThread "GC Thread#5"                     [id=33283, stack(0x0000000175ff0000,0x00000001761f3000) (2060K)]
  0x0000000c66486c00 WorkerThread "GC Thread#6"                     [id=33795, stack(0x00000001761fc000,0x00000001763ff000) (2060K)]
  0x0000000c66590800 WorkerThread "GC Thread#7"                     [id=34307, stack(0x0000000176408000,0x000000017660b000) (2060K)]
  0x0000000c66593800 WorkerThread "GC Thread#8"                     [id=27155, stack(0x00000001753a8000,0x00000001755ab000) (2060K)]
  0x0000000c66955400 ConcurrentGCThread "G1 Main Marker"            [id=11523, stack(0x00000001731d0000,0x00000001733d3000) (2060K)]
  0x0000000c66955c00 WorkerThread "G1 Conc#0"                       [id=14339, stack(0x00000001733dc000,0x00000001735df000) (2060K)]
  0x0000000c66956400 ConcurrentGCThread "G1 Refine#0"               [id=12547, stack(0x00000001735e8000,0x00000001737eb000) (2060K)]
  0x0000000c66956c00 ConcurrentGCThread "G1 Service"                [id=12803, stack(0x00000001737f4000,0x00000001739f7000) (2060K)]
Total: 15

Threads with active compile tasks:
Total: 0

VM state: not at safepoint (normal execution)

VM Mutex/Monitor currently owned by a thread: None

Heap address: 0x000000042a800000, size: 8192 MB, Compressed Oops mode: Zero based, Oop shift amount: 3

CDS archive(s) not mapped
Compressed class space mapped at: 0x000000d800000000-0x000000d840000000, reserved size: 1073741824
Narrow klass base: 0x000000d800000000, Narrow klass shift: 0, Narrow klass range: 0x40000000

GC Precious Log:
 CardTable entry size: 512
 Card Set container configuration: InlinePtr #cards 4 size 8 Array Of Cards #cards 32 size 80 Howl #buckets 8 coarsen threshold 7372 Howl Bitmap #cards 1024 size 144 coarsen threshold 921 Card regions per heap region 1 cards per card region 8192
 CPUs: 10 total, 10 available
 Memory: 32768M
 Large Page Support: Disabled
 NUMA Support: Disabled
 Compressed Oops: Enabled (Zero based)
 Heap Region Size: 4M
 Heap Min Capacity: 8M
 Heap Initial Capacity: 512M
 Heap Max Capacity: 8G
 Pre-touch: Disabled
 Parallel Workers: 9
 Concurrent Workers: 2
 Concurrent Refinement Workers: 9
 Periodic GC: Disabled

Heap:
 garbage-first heap   total 57344K, used 14788K [0x000000042a800000, 0x000000062a800000)
  region size 4096K, 1 young (4096K), 0 survivors (0K)
 Metaspace       used 13680K, committed 13888K, reserved 1114112K
  class space    used 1396K, committed 1536K, reserved 1048576K

Heap Regions: E=young(eden), S=young(survivor), O=old, HS=humongous(starts), HC=humongous(continues), CS=collection set, F=free, TAMS=top-at-mark-start, PB=parsable bottom
|   0|0x000000042a800000, 0x000000042abffff8, 0x000000042ac00000| 99%| O|  |TAMS 0x000000042a800000| PB 0x000000042a800000| Untracked 
|   1|0x000000042ac00000, 0x000000042affffb0, 0x000000042b000000| 99%| O|  |TAMS 0x000000042ac00000| PB 0x000000042ac00000| Untracked 
|   2|0x000000042b000000, 0x000000042b2712c0, 0x000000042b400000| 61%| O|  |TAMS 0x000000042b000000| PB 0x000000042b000000| Untracked 
|   3|0x000000042b400000, 0x000000042b400000, 0x000000042b800000|  0%| F|  |TAMS 0x000000042b400000| PB 0x000000042b400000| Untracked 
|   4|0x000000042b800000, 0x000000042b800000, 0x000000042bc00000|  0%| F|  |TAMS 0x000000042b800000| PB 0x000000042b800000| Untracked 
|   5|0x000000042bc00000, 0x000000042bc00000, 0x000000042c000000|  0%| F|  |TAMS 0x000000042bc00000| PB 0x000000042bc00000| Untracked 
|   6|0x000000042c000000, 0x000000042c000000, 0x000000042c400000|  0%| F|  |TAMS 0x000000042c000000| PB 0x000000042c000000| Untracked 
|   7|0x000000042c400000, 0x000000042c400000, 0x000000042c800000|  0%| F|  |TAMS 0x000000042c400000| PB 0x000000042c400000| Untracked 
|   8|0x000000042c800000, 0x000000042c800000, 0x000000042cc00000|  0%| F|  |TAMS 0x000000042c800000| PB 0x000000042c800000| Untracked 
|   9|0x000000042cc00000, 0x000000042cc00000, 0x000000042d000000|  0%| F|  |TAMS 0x000000042cc00000| PB 0x000000042cc00000| Untracked 
|  10|0x000000042d000000, 0x000000042d000000, 0x000000042d400000|  0%| F|  |TAMS 0x000000042d000000| PB 0x000000042d000000| Untracked 
|  11|0x000000042d400000, 0x000000042d400000, 0x000000042d800000|  0%| F|  |TAMS 0x000000042d400000| PB 0x000000042d400000| Untracked 
|  12|0x000000042d800000, 0x000000042d8029f8, 0x000000042dc00000|  0%| E|  |TAMS 0x000000042d800000| PB 0x000000042d800000| Complete 
|  28|0x0000000431800000, 0x0000000431c00000, 0x0000000431c00000|100%| O|  |TAMS 0x0000000431800000| PB 0x0000000431800000| Untracked 

Card table byte_map: [0x000000011b2f4000,0x000000011c2f4000] _byte_map_base: 0x00000001191a0000

Marking Bits: (CMBitMap*) 0x0000000c6719d410
 Bits: [0x000000011c2f4000, 0x00000001242f4000)

Polling page: 0x0000000101184000

Metaspace:

Usage:
  Non-class:     12.00 MB used.
      Class:      1.36 MB used.
       Both:     13.36 MB used.

Virtual space:
  Non-class space:       64.00 MB reserved,      12.06 MB ( 19%) committed,  1 nodes.
      Class space:        1.00 GB reserved,       1.50 MB ( <1%) committed,  1 nodes.
             Both:        1.06 GB reserved,      13.56 MB (  1%) committed. 

Chunk freelists:
   Non-Class:  3.89 MB
       Class:  14.44 MB
        Both:  18.33 MB

MaxMetaspaceSize: unlimited
CompressedClassSpaceSize: 1.00 GB
Initial GC threshold: 21.00 MB
Current GC threshold: 22.44 MB
CDS: off
 - commit_granule_bytes: 65536.
 - commit_granule_words: 8192.
 - virtual_space_node_default_size: 8388608.
 - enlarge_chunks_in_place: 1.
 - use_allocation_guard: 0.


Internal statistics:

num_allocs_failed_limit: 0.
num_arena_births: 104.
num_arena_deaths: 16.
num_vsnodes_births: 2.
num_vsnodes_deaths: 0.
num_space_committed: 217.
num_space_uncommitted: 0.
num_chunks_returned_to_freelist: 16.
num_chunks_taken_from_freelist: 294.
num_chunk_merges: 2.
num_chunk_splits: 194.
num_chunks_enlarged: 150.
num_inconsistent_stats: 0.

CodeCache: size=49152Kb used=4245Kb max_used=6848Kb free=44906Kb
 bounds [0x000000010c880000, 0x000000010cf40000, 0x000000010f880000]
 total_blobs=2462, nmethods=1915, adapters=475, full_count=0
Compilation: enabled, stopped_count=0, restarted_count=0

Compilation events (20 events):
Event: 116.898 Thread 0x0000000c68f71800 2638       1       org.orekit.frames.EOPHistory::getPoleCorrection (120 bytes)
Event: 116.898 Thread 0x0000000c68f72800 2639   !   1       org.orekit.frames.EOPHistory::interpolate (60 bytes)
Event: 116.898 Thread 0x0000000c68f70800 nmethod 2636 0x000000010caf4910 code [0x000000010caf4ac0, 0x000000010caf4c58]
Event: 116.898 Thread 0x0000000c68f70800 2640       1       org.orekit.frames.EOPHistory$$Lambda/0x000000d80018c178::<init> (38 bytes)
Event: 116.898 Thread 0x0000000c68f70800 nmethod 2640 0x000000010caf4410 code [0x000000010caf45c0, 0x000000010caf4860]
Event: 116.898 Thread 0x0000000c68f70800 2641       1       org.orekit.frames.TIRFProvider::getTransform (19 bytes)
Event: 116.898 Thread 0x0000000c68f70800 nmethod 2641 0x000000010caf3b90 code [0x000000010caf3d80, 0x000000010caf4208]
Event: 116.898 Thread 0x0000000c68f70800 2642       1       org.orekit.frames.TIRFProvider::getRotation (26 bytes)
Event: 116.898 Thread 0x0000000c670d1800 nmethod 2637 0x000000010caf2e90 code [0x000000010caf3100, 0x000000010caf3750]
Event: 116.898 Thread 0x0000000c670d1800 2643       1       org.orekit.utils.IERSConventions$StellarAngleCapitaine::value (70 bytes)
Event: 116.898 Thread 0x0000000c68f71800 nmethod 2638 0x000000010caf2310 code [0x000000010caf2540, 0x000000010caf2a98]
Event: 116.898 Thread 0x0000000c68f70800 nmethod 2642 0x000000010caf1e90 code [0x000000010caf2040, 0x000000010caf21f8]
Event: 116.898 Thread 0x0000000c68f70800 2644       1       org.orekit.frames.TIRFProvider::getRotationRate (46 bytes)
Event: 116.898 Thread 0x0000000c68f72800 nmethod 2639 0x000000010caf1590 code [0x000000010caf1780, 0x000000010caf1b00]
Event: 116.898 Thread 0x0000000c68f71800 2645       1       org.orekit.frames.EOPHistory::getLOD (67 bytes)
Event: 116.898 Thread 0x0000000c68f72800 2646   !   1       org.orekit.frames.EOPHistory::interpolate (50 bytes)
Event: 116.898 Thread 0x0000000c670d1800 nmethod 2643 0x000000010caf0f10 code [0x000000010caf1140, 0x000000010caf1388]
Event: 116.898 Thread 0x0000000c68f70800 nmethod 2644 0x000000010caf0a10 code [0x000000010caf0c00, 0x000000010caf0dc8]
Event: 116.898 Thread 0x0000000c68f72800 nmethod 2646 0x000000010caeff90 code [0x000000010caf0180, 0x000000010caf05c8]
Event: 116.898 Thread 0x0000000c68f71800 nmethod 2645 0x000000010caef610 code [0x000000010caef840, 0x000000010caefc80]

GC Heap History (20 events):
Event: 0.457 GC heap before
{Heap before GC invocations=10 (full 6):
 garbage-first heap   total 40960K, used 27919K [0x000000042a800000, 0x000000062a800000)
  region size 4096K, 4 young (16384K), 0 survivors (0K)
 Metaspace       used 12160K, committed 12416K, reserved 1114112K
  class space    used 1228K, committed 1344K, reserved 1048576K
}
Event: 0.457 GC heap after
{Heap after GC invocations=11 (full 6):
 garbage-first heap   total 40960K, used 12906K [0x000000042a800000, 0x000000062a800000)
  region size 4096K, 1 young (4096K), 1 survivors (4096K)
 Metaspace       used 12160K, committed 12416K, reserved 1114112K
  class space    used 1228K, committed 1344K, reserved 1048576K
}
Event: 0.468 GC heap before
{Heap before GC invocations=11 (full 6):
 garbage-first heap   total 40960K, used 29290K [0x000000042a800000, 0x000000062a800000)
  region size 4096K, 5 young (20480K), 1 survivors (4096K)
 Metaspace       used 12160K, committed 12416K, reserved 1114112K
  class space    used 1228K, committed 1344K, reserved 1048576K
}
Event: 0.469 GC heap after
{Heap after GC invocations=12 (full 6):
 garbage-first heap   total 40960K, used 13614K [0x000000042a800000, 0x000000062a800000)
  region size 4096K, 1 young (4096K), 1 survivors (4096K)
 Metaspace       used 12160K, committed 12416K, reserved 1114112K
  class space    used 1228K, committed 1344K, reserved 1048576K
}
Event: 0.479 GC heap before
{Heap before GC invocations=12 (full 6):
 garbage-first heap   total 40960K, used 29998K [0x000000042a800000, 0x000000062a800000)
  region size 4096K, 5 young (20480K), 1 survivors (4096K)
 Metaspace       used 12160K, committed 12416K, reserved 1114112K
  class space    used 1228K, committed 1344K, reserved 1048576K
}
Event: 0.481 GC heap after
{Heap after GC invocations=13 (full 6):
 garbage-first heap   total 40960K, used 14275K [0x000000042a800000, 0x000000062a800000)
  region size 4096K, 1 young (4096K), 1 survivors (4096K)
 Metaspace       used 12160K, committed 12416K, reserved 1114112K
  class space    used 1228K, committed 1344K, reserved 1048576K
}
Event: 0.491 GC heap before
{Heap before GC invocations=13 (full 6):
 garbage-first heap   total 40960K, used 30659K [0x000000042a800000, 0x000000062a800000)
  region size 4096K, 5 young (20480K), 1 survivors (4096K)
 Metaspace       used 12160K, committed 12416K, reserved 1114112K
  class space    used 1228K, committed 1344K, reserved 1048576K
}
Event: 0.492 GC heap after
{Heap after GC invocations=14 (full 6):
 garbage-first heap   total 282624K, used 15404K [0x000000042a800000, 0x000000062a800000)
  region size 4096K, 1 young (4096K), 1 survivors (4096K)
 Metaspace       used 12160K, committed 12416K, reserved 1114112K
  class space    used 1228K, committed 1344K, reserved 1048576K
}
Event: 11.968 GC heap before
{Heap before GC invocations=14 (full 6):
 garbage-first heap   total 282624K, used 179244K [0x000000042a800000, 0x000000062a800000)
  region size 4096K, 41 young (167936K), 1 survivors (4096K)
 Metaspace       used 12769K, committed 12992K, reserved 1114112K
  class space    used 1307K, committed 1408K, reserved 1048576K
}
Event: 11.971 GC heap after
{Heap after GC invocations=15 (full 6):
 garbage-first heap   total 282624K, used 18790K [0x000000042a800000, 0x000000062a800000)
  region size 4096K, 2 young (8192K), 2 survivors (8192K)
 Metaspace       used 12769K, committed 12992K, reserved 1114112K
  class space    used 1307K, committed 1408K, reserved 1048576K
}
Event: 12.003 GC heap before
{Heap before GC invocations=15 (full 6):
 garbage-first heap   total 282624K, used 35174K [0x000000042a800000, 0x000000062a800000)
  region size 4096K, 7 young (28672K), 2 survivors (8192K)
 Metaspace       used 13596K, committed 13760K, reserved 1114112K
  class space    used 1382K, committed 1472K, reserved 1048576K
}
Event: 12.006 GC heap after
{Heap after GC invocations=16 (full 7):
 garbage-first heap   total 122880K, used 15382K [0x000000042a800000, 0x000000062a800000)
  region size 4096K, 0 young (0K), 0 survivors (0K)
 Metaspace       used 13596K, committed 13760K, reserved 1114112K
  class space    used 1382K, committed 1472K, reserved 1048576K
}
Event: 116.899 GC heap before
{Heap before GC invocations=16 (full 7):
 garbage-first heap   total 122880K, used 89110K [0x000000042a800000, 0x000000062a800000)
  region size 4096K, 18 young (73728K), 0 survivors (0K)
 Metaspace       used 13694K, committed 13888K, reserved 1114112K
  class space    used 1400K, committed 1536K, reserved 1048576K
}
Event: 116.899 GC heap after
{Heap after GC invocations=17 (full 7):
 garbage-first heap   total 122880K, used 16270K [0x000000042a800000, 0x000000062a800000)
  region size 4096K, 1 young (4096K), 1 survivors (4096K)
 Metaspace       used 13694K, committed 13888K, reserved 1114112K
  class space    used 1400K, committed 1536K, reserved 1048576K
}
Event: 116.925 GC heap before
{Heap before GC invocations=17 (full 7):
 garbage-first heap   total 122880K, used 32654K [0x000000042a800000, 0x000000062a800000)
  region size 4096K, 6 young (24576K), 1 survivors (4096K)
 Metaspace       used 13694K, committed 13888K, reserved 1114112K
  class space    used 1400K, committed 1536K, reserved 1048576K
}
Event: 116.930 GC heap after
{Heap after GC invocations=18 (full 8):
 garbage-first heap   total 69632K, used 14791K [0x000000042a800000, 0x000000062a800000)
  region size 4096K, 0 young (0K), 0 survivors (0K)
 Metaspace       used 13680K, committed 13888K, reserved 1114112K
  class space    used 1396K, committed 1536K, reserved 1048576K
}
Event: 117.127 GC heap before
{Heap before GC invocations=18 (full 8):
 garbage-first heap   total 69632K, used 14791K [0x000000042a800000, 0x000000062a800000)
  region size 4096K, 1 young (4096K), 0 survivors (0K)
 Metaspace       used 13680K, committed 13888K, reserved 1114112K
  class space    used 1396K, committed 1536K, reserved 1048576K
}
Event: 117.135 GC heap after
{Heap after GC invocations=19 (full 9):
 garbage-first heap   total 57344K, used 14788K [0x000000042a800000, 0x000000062a800000)
  region size 4096K, 0 young (0K), 0 survivors (0K)
 Metaspace       used 13680K, committed 13888K, reserved 1114112K
  class space    used 1396K, committed 1536K, reserved 1048576K
}
Event: 154.080 GC heap before
{Heap before GC invocations=19 (full 9):
 garbage-first heap   total 57344K, used 14788K [0x000000042a800000, 0x000000062a800000)
  region size 4096K, 1 young (4096K), 0 survivors (0K)
 Metaspace       used 13680K, committed 13888K, reserved 1114112K
  class space    used 1396K, committed 1536K, reserved 1048576K
}
Event: 154.089 GC heap after
{Heap after GC invocations=20 (full 10):
 garbage-first heap   total 57344K, used 14788K [0x000000042a800000, 0x000000062a800000)
  region size 4096K, 0 young (0K), 0 survivors (0K)
 Metaspace       used 13680K, committed 13888K, reserved 1114112K
  class space    used 1396K, committed 1536K, reserved 1048576K
}

Dll operation events (6 events):
Event: 0.004 Loaded shared library /Users/nathanspencer/Desktop/code/nstk/.venv/lib/python3.14/site-packages/jdk4py/java-runtime/lib/libjava.dylib
Event: 0.025 Loaded shared library /Users/nathanspencer/Desktop/code/nstk/.venv/lib/python3.14/site-packages/jdk4py/java-runtime/lib/libnio.dylib
Event: 0.028 Loaded shared library /Users/nathanspencer/Desktop/code/nstk/.venv/lib/python3.14/site-packages/jdk4py/java-runtime/lib/libzip.dylib
Event: 0.043 Loaded shared library /Users/nathanspencer/Desktop/code/nstk/.venv/lib/python3.14/site-packages/_jpype.cpython-314-darwin.so
Event: 0.051 Loaded shared library /Users/nathanspencer/Desktop/code/nstk/.venv/lib/python3.14/site-packages/jdk4py/java-runtime/lib/libjimage.dylib
Event: 0.180 Loaded shared library /Users/nathanspencer/Desktop/code/nstk/.venv/lib/python3.14/site-packages/jdk4py/java-runtime/lib/libnet.dylib

Deoptimization events (10 events):
Event: 0.070 Thread 0x0000000c66958700 DEOPT PACKING pc=0x000000010cc02170 sp=0x000000016ef7ce40
Event: 0.070 Thread 0x0000000c66958700 DEOPT UNPACKING pc=0x000000010c8c2e7c sp=0x000000016ef7cb40 mode 3
Event: 0.223 Thread 0x0000000c66958700 DEOPT PACKING pc=0x000000010cc37028 sp=0x000000016ef78900
Event: 0.223 Thread 0x0000000c66958700 DEOPT UNPACKING pc=0x000000010c8c2e7c sp=0x000000016ef785f0 mode 3
Event: 0.495 Thread 0x0000000c66958700 DEOPT PACKING pc=0x000000010cdfc978 sp=0x000000016ef85a20
Event: 0.495 Thread 0x0000000c66958700 DEOPT UNPACKING pc=0x000000010c8c2e7c sp=0x000000016ef85720 mode 3
Event: 0.500 Thread 0x0000000c66958700 DEOPT PACKING pc=0x000000010cdda010 sp=0x000000016ef84e20
Event: 0.500 Thread 0x0000000c66958700 DEOPT UNPACKING pc=0x000000010c8c2e7c sp=0x000000016ef84c40 mode 3
Event: 11.992 Thread 0x0000000c66958700 DEOPT PACKING pc=0x000000010ca956c8 sp=0x000000016ef7f6a0
Event: 11.992 Thread 0x0000000c66958700 DEOPT UNPACKING pc=0x000000010c8c2e7c sp=0x000000016ef7f350 mode 3

Classes loaded (20 events):
Event: 11.991 Loading class java/text/spi/DecimalFormatSymbolsProvider
Event: 11.991 Loading class java/text/spi/DecimalFormatSymbolsProvider done
Event: 11.991 Loading class sun/util/locale/provider/DecimalFormatSymbolsProviderImpl
Event: 11.991 Loading class sun/util/locale/provider/DecimalFormatSymbolsProviderImpl done
Event: 11.992 Loading class java/lang/CharacterData00
Event: 11.992 Loading class java/lang/CharacterData00 done
Event: 11.992 Loading class java/text/DecimalFormat
Event: 11.992 Loading class java/text/DecimalFormat done
Event: 11.992 Loading class java/text/FieldPosition
Event: 11.992 Loading class java/text/FieldPosition done
Event: 11.992 Loading class java/text/DigitList
Event: 11.993 Loading class java/text/DigitList done
Event: 11.993 Loading class java/math/RoundingMode
Event: 11.993 Loading class java/math/RoundingMode done
Event: 11.993 Loading class java/lang/IndexOutOfBoundsException
Event: 11.993 Loading class java/lang/IndexOutOfBoundsException done
Event: 11.996 Loading class java/util/PriorityQueue
Event: 11.996 Loading class java/util/AbstractQueue
Event: 11.996 Loading class java/util/AbstractQueue done
Event: 11.996 Loading class java/util/PriorityQueue done

Classes unloaded (8 events):
Event: 116.927 Thread 0x0000000c65ff4000 Unloading class 0x000000d8000d5000 'java/lang/invoke/LambdaForm$MH+0x000000d8000d5000'
Event: 116.927 Thread 0x0000000c65ff4000 Unloading class 0x000000d8000d4400 'java/lang/invoke/LambdaForm$MH+0x000000d8000d4400'
Event: 116.927 Thread 0x0000000c65ff4000 Unloading class 0x000000d8000d4000 'java/lang/invoke/LambdaForm$MH+0x000000d8000d4000'
Event: 116.927 Thread 0x0000000c65ff4000 Unloading class 0x000000d8000d3c00 'java/lang/invoke/LambdaForm$MH+0x000000d8000d3c00'
Event: 116.927 Thread 0x0000000c65ff4000 Unloading class 0x000000d8000d3400 'java/lang/invoke/LambdaForm$MH+0x000000d8000d3400'
Event: 116.927 Thread 0x0000000c65ff4000 Unloading class 0x000000d8000d2400 'java/lang/invoke/LambdaForm$MH+0x000000d8000d2400'
Event: 116.927 Thread 0x0000000c65ff4000 Unloading class 0x000000d8000c7400 'java/lang/invoke/LambdaForm$MH+0x000000d8000c7400'
Event: 116.927 Thread 0x0000000c65ff4000 Unloading class 0x000000d800000400 'java/lang/invoke/LambdaForm$MH+0x000000d800000400'

Classes redefined (0 events):
No events

Internal exceptions (20 events):
Event: 0.046 Thread 0x0000000c66958700 Exception <a 'java/lang/NoSuchMethodError'{0x000000044a042258}: 'int java.lang.invoke.DirectMethodHandle$Holder.invokeSpecial(java.lang.Object, java.lang.Object, java.lang.Object)'> (0x000000044a042258) 
thrown [src/hotspot/share/interpreter/linkResolver.cpp, line 773]
Event: 0.047 Thread 0x0000000c66958700 Exception <a 'java/lang/NoSuchMethodError'{0x000000044a052960}: 'java.lang.Object java.lang.invoke.DirectMethodHandle$Holder.invokeStatic(java.lang.Object, java.lang.Object, int)'> (0x000000044a052960) 
thrown [src/hotspot/share/interpreter/linkResolver.cpp, line 773]
Event: 0.047 Thread 0x0000000c66958700 Exception <a 'java/lang/NoSuchMethodError'{0x000000044a05e058}: 'void java.lang.invoke.DelegatingMethodHandle$Holder.delegate(java.lang.Object, java.lang.Object, int, java.lang.Object)'> (0x000000044a05e058) 
thrown [src/hotspot/share/interpreter/linkResolver.cpp, line 773]
Event: 0.055 Thread 0x0000000c66958700 Exception <a 'java/lang/NoSuchMethodError'{0x000000044a17ef90}: 'java.lang.Object java.lang.invoke.DirectMethodHandle$Holder.invokeInterface(java.lang.Object, java.lang.Object)'> (0x000000044a17ef90) 
thrown [src/hotspot/share/interpreter/linkResolver.cpp, line 773]
Event: 0.055 Thread 0x0000000c66958700 Exception <a 'java/lang/IncompatibleClassChangeError'{0x000000044a1822b8}: Found class java.lang.Object, but interface was expected> (0x000000044a1822b8) 
thrown [src/hotspot/share/interpreter/linkResolver.cpp, line 840]
Event: 0.063 Thread 0x0000000c66958700 Exception <a 'java/lang/NoSuchMethodError'{0x000000044a27fc78}: method resolution failed> (0x000000044a27fc78) 
thrown [src/hotspot/share/prims/methodHandles.cpp, line 1144]
Event: 0.064 Thread 0x0000000c66958700 Exception <a 'java/lang/NoSuchMethodError'{0x000000044a289620}: 'java.lang.Object java.lang.invoke.Invokers$Holder.invokeExact_MT(java.lang.Object, java.lang.Object, java.lang.Object, java.lang.Object, java.lang.Object)'> (0x000000044a289620) 
thrown [src/hotspot/share/interpreter/linkResolver.cpp, line 773]
Event: 0.082 Thread 0x0000000c66958700 Exception <a 'java/lang/NoSuchMethodError'{0x0000000449d21f18}: 'void java.lang.invoke.DirectMethodHandle$Holder.invokeStatic(java.lang.Object, java.lang.Object, java.lang.Object)'> (0x0000000449d21f18) 
thrown [src/hotspot/share/interpreter/linkResolver.cpp, line 773]
Event: 0.189 Thread 0x0000000c66958700 Exception <a 'java/lang/NoSuchMethodError'{0x000000042c1ec420}: 'java.lang.Object java.lang.invoke.DirectMethodHandle$Holder.invokeStatic(java.lang.Object, int, java.lang.Object)'> (0x000000042c1ec420) 
thrown [src/hotspot/share/interpreter/linkResolver.cpp, line 773]
Event: 0.286 Thread 0x0000000c66958700 Exception <a 'java/lang/NoSuchMethodError'{0x000000042c1ae020}: 'int java.lang.invoke.DirectMethodHandle$Holder.invokeVirtual(java.lang.Object, java.lang.Object, java.lang.Object)'> (0x000000042c1ae020) 
thrown [src/hotspot/share/interpreter/linkResolver.cpp, line 773]
Event: 0.291 Thread 0x0000000c66958700 Exception <a 'java/lang/NoSuchMethodError'{0x000000042c2766d8}: 'java.lang.Object java.lang.invoke.Invokers$Holder.invokeExact_MT(java.lang.Object, java.lang.Object, java.lang.Object, java.lang.Object, java.lang.Object, java.lang.Object)'> (0x000000042c2766d8) 
thrown [src/hotspot/share/interpreter/linkResolver.cpp, line 773]
Event: 0.321 Thread 0x0000000c66958700 Exception <a 'java/lang/NoSuchMethodError'{0x000000043b46d160}: 'int java.lang.invoke.DirectMethodHandle$Holder.invokeSpecial(java.lang.Object, java.lang.Object, int)'> (0x000000043b46d160) 
thrown [src/hotspot/share/interpreter/linkResolver.cpp, line 773]
Event: 0.451 Thread 0x0000000c66958700 Exception <a 'java/lang/NoSuchMethodError'{0x000000042c052e30}: 'double java.lang.invoke.DirectMethodHandle$Holder.invokeVirtual(java.lang.Object, java.lang.Object)'> (0x000000042c052e30) 
thrown [src/hotspot/share/interpreter/linkResolver.cpp, line 773]
Event: 0.517 Thread 0x0000000c66958700 Exception <a 'java/lang/NoSuchMethodError'{0x000000043ae106f0}: 'java.lang.Object java.lang.invoke.DirectMethodHandle$Holder.invokeSpecial(java.lang.Object, java.lang.Object, java.lang.Object, int, java.lang.Object)'> (0x000000043ae106f0) 
thrown [src/hotspot/share/interpreter/linkResolver.cpp, line 773]
Event: 0.518 Thread 0x0000000c66958700 Exception <a 'java/lang/NoSuchMethodError'{0x000000043ae17748}: 'java.lang.Object java.lang.invoke.DirectMethodHandle$Holder.newInvokeSpecial(java.lang.Object, java.lang.Object, java.lang.Object, int)'> (0x000000043ae17748) 
thrown [src/hotspot/share/interpreter/linkResolver.cpp, line 773]
Event: 0.518 Thread 0x0000000c66958700 Exception <a 'java/lang/NoSuchMethodError'{0x000000043ae1b6e0}: 'java.lang.Object java.lang.invoke.DirectMethodHandle$Holder.invokeSpecial(java.lang.Object, java.lang.Object, java.lang.Object, java.lang.Object, int)'> (0x000000043ae1b6e0) 
thrown [src/hotspot/share/interpreter/linkResolver.cpp, line 773]
Event: 0.518 Thread 0x0000000c66958700 Exception <a 'java/lang/NoSuchMethodError'{0x000000043ae1ed98}: 'java.lang.Object java.lang.invoke.Invokers$Holder.linkToTargetMethod(java.lang.Object, java.lang.Object, int, java.lang.Object)'> (0x000000043ae1ed98) 
thrown [src/hotspot/share/interpreter/linkResolver.cpp, line 773]
Event: 11.957 Thread 0x0000000c66958700 Exception <a 'java/lang/NoSuchMethodError'{0x00000004321ebcd0}: 'java.lang.Object java.lang.invoke.DirectMethodHandle$Holder.newInvokeSpecial(java.lang.Object, java.lang.Object, java.lang.Object, java.lang.Object, java.lang.Object, java.lang.Object, java.lang.Object)'> (0x00000004321ebcd0) 
thrown [src/hotspot/share/interpreter/linkResolver.cpp, line 773]
Event: 11.979 Thread 0x0000000c66958700 Exception <a 'java/lang/NoSuchMethodError'{0x000000043ade5310}: 'void java.lang.invoke.DirectMethodHandle$Holder.invokeStatic(java.lang.Object, java.lang.Object, java.lang.Object, java.lang.Object)'> (0x000000043ade5310) 
thrown [src/hotspot/share/interpreter/linkResolver.cpp, line 773]
Event: 47.164 Thread 0x0000000c66958700 Exception <a 'java/lang/NoSuchMethodError'{0x0000000431f6e020}: 'java.lang.Object java.lang.invoke.DirectMethodHandle$Holder.newInvokeSpecial(java.lang.Object, java.lang.Object, java.lang.Object, java.lang.Object, java.lang.Object)'> (0x0000000431f6e020) 
thrown [src/hotspot/share/interpreter/linkResolver.cpp, line 773]

ZGC Phase Switch (0 events):
No events

VM Operations (20 events):
Event: 13.012 Executing VM operation: Cleanup
Event: 13.012 Executing VM operation: Cleanup done
Event: 38.114 Executing VM operation: Cleanup
Event: 38.114 Executing VM operation: Cleanup done
Event: 48.156 Executing VM operation: Cleanup
Event: 48.156 Executing VM operation: Cleanup done
Event: 61.215 Executing VM operation: Cleanup
Event: 61.215 Executing VM operation: Cleanup done
Event: 72.249 Executing VM operation: Cleanup
Event: 72.249 Executing VM operation: Cleanup done
Event: 76.266 Executing VM operation: Cleanup
Event: 76.266 Executing VM operation: Cleanup done
Event: 116.899 Executing VM operation: G1CollectForAllocation (G1 Evacuation Pause)
Event: 116.899 Executing VM operation: G1CollectForAllocation (G1 Evacuation Pause) done
Event: 116.925 Executing VM operation: G1CollectFull (System.gc())
Event: 116.930 Executing VM operation: G1CollectFull (System.gc()) done
Event: 117.127 Executing VM operation: G1CollectFull (System.gc())
Event: 117.135 Executing VM operation: G1CollectFull (System.gc()) done
Event: 154.080 Executing VM operation: G1CollectFull (System.gc())
Event: 154.089 Executing VM operation: G1CollectFull (System.gc()) done

Memory protections (20 events):
Event: 0.015 Protecting memory [0x0000000174760000,0x000000017476c000] with protection modes 0
Event: 0.015 Protecting memory [0x000000017496c000,0x0000000174978000] with protection modes 0
Event: 0.021 Protecting memory [0x0000000174b78000,0x0000000174b84000] with protection modes 0
Event: 0.022 Protecting memory [0x0000000174d84000,0x0000000174d90000] with protection modes 0
Event: 0.022 Protecting memory [0x0000000174f90000,0x0000000174f9c000] with protection modes 0
Event: 0.048 Protecting memory [0x0000000106904000,0x0000000106908000] with protection modes 1
Event: 0.051 Protecting memory [0x000000017519c000,0x00000001751a8000] with protection modes 0
Event: 0.066 Protecting memory [0x00000001753a8000,0x00000001753b4000] with protection modes 0
Event: 0.066 Protecting memory [0x00000001755b4000,0x00000001755c0000] with protection modes 0
Event: 2.051 Protecting memory [0x00000001755b4000,0x00000001755c0000] with protection modes 3
Event: 7.064 Protecting memory [0x00000001753a8000,0x00000001753b4000] with protection modes 3
Event: 11.953 Protecting memory [0x0000000174b78000,0x0000000174b84000] with protection modes 3
Event: 11.961 Protecting memory [0x0000000174b78000,0x0000000174b84000] with protection modes 0
Event: 15.653 Protecting memory [0x0000000174b78000,0x0000000174b84000] with protection modes 3
Event: 116.871 Protecting memory [0x0000000174b78000,0x0000000174b84000] with protection modes 0
Event: 116.877 Protecting memory [0x00000001755b4000,0x00000001755c0000] with protection modes 0
Event: 116.881 Protecting memory [0x0000000177620000,0x000000017762c000] with protection modes 0
Event: 121.903 Protecting memory [0x0000000177620000,0x000000017762c000] with protection modes 3
Event: 126.908 Protecting memory [0x00000001755b4000,0x00000001755c0000] with protection modes 3
Event: 131.912 Protecting memory [0x0000000174b78000,0x0000000174b84000] with protection modes 3

Nmethod flushes (20 events):
Event: 117.132 Thread 0x0000000c65ff4000 flushing  nmethod 0x000000010cda5f10
Event: 117.132 Thread 0x0000000c65ff4000 flushing  nmethod 0x000000010cda6810
Event: 117.132 Thread 0x0000000c65ff4000 flushing  nmethod 0x000000010cdaa110
Event: 117.132 Thread 0x0000000c65ff4000 flushing  nmethod 0x000000010cdac610
Event: 117.132 Thread 0x0000000c65ff4000 flushing  nmethod 0x000000010cdae710
Event: 117.132 Thread 0x0000000c65ff4000 flushing  nmethod 0x000000010cdaea90
Event: 117.132 Thread 0x0000000c65ff4000 flushing  nmethod 0x000000010cdb3310
Event: 117.132 Thread 0x0000000c65ff4000 flushing  nmethod 0x000000010cdc7010
Event: 117.132 Thread 0x0000000c65ff4000 flushing  nmethod 0x000000010cdc7790
Event: 117.132 Thread 0x0000000c65ff4000 flushing  nmethod 0x000000010cdc7a90
Event: 117.132 Thread 0x0000000c65ff4000 flushing  nmethod 0x000000010cdc8090
Event: 117.132 Thread 0x0000000c65ff4000 flushing  nmethod 0x000000010cdc8910
Event: 117.132 Thread 0x0000000c65ff4000 flushing  nmethod 0x000000010cdc8c10
Event: 117.132 Thread 0x0000000c65ff4000 flushing  nmethod 0x000000010cdc8f10
Event: 117.132 Thread 0x0000000c65ff4000 flushing  nmethod 0x000000010cdc9390
Event: 117.132 Thread 0x0000000c65ff4000 flushing  nmethod 0x000000010cdc9810
Event: 117.132 Thread 0x0000000c65ff4000 flushing  nmethod 0x000000010cdce690
Event: 117.132 Thread 0x0000000c65ff4000 flushing  nmethod 0x000000010cdd1390
Event: 117.132 Thread 0x0000000c65ff4000 flushing  nmethod 0x000000010cdd2910
Event: 117.132 Thread 0x0000000c65ff4000 flushing  nmethod 0x000000010cdd2c10

Events (20 events):
Event: 0.015 Thread 0x0000000c66958700 Thread added: 0x0000000c6695b100
Event: 0.015 Thread 0x0000000c66958700 Thread added: 0x0000000c6695b800
Event: 0.015 Thread 0x0000000c66958700 Thread added: 0x0000000c670d1800
Event: 0.021 Thread 0x0000000c670d1800 Thread added: 0x0000000c670d2000
Event: 0.022 Thread 0x0000000c66958700 Thread added: 0x0000000c65934000
Event: 0.022 Thread 0x0000000c66958700 Thread added: 0x0000000c65934700
Event: 0.051 Thread 0x0000000c66958700 Thread added: 0x0000000c65934e00
Event: 0.066 Thread 0x0000000c670d1800 Thread added: 0x0000000c670d3800
Event: 0.066 Thread 0x0000000c670d1800 Thread added: 0x0000000c68f70000
Event: 2.051 Thread 0x0000000c68f70000 Thread exited: 0x0000000c68f70000
Event: 7.064 Thread 0x0000000c670d3800 Thread exited: 0x0000000c670d3800
Event: 11.953 Thread 0x0000000c670d2000 Thread exited: 0x0000000c670d2000
Event: 11.961 Thread 0x0000000c670d1800 Thread added: 0x0000000c68f70000
Event: 15.653 Thread 0x0000000c68f70000 Thread exited: 0x0000000c68f70000
Event: 116.871 Thread 0x0000000c670d1800 Thread added: 0x0000000c68f70800
Event: 116.877 Thread 0x0000000c670d1800 Thread added: 0x0000000c68f71800
Event: 116.881 Thread 0x0000000c670d1800 Thread added: 0x0000000c68f72800
Event: 121.903 Thread 0x0000000c68f72800 Thread exited: 0x0000000c68f72800
Event: 126.908 Thread 0x0000000c68f71800 Thread exited: 0x0000000c68f71800
Event: 131.912 Thread 0x0000000c68f70800 Thread exited: 0x0000000c68f70800


Dynamic libraries:
0x000000010203c000 	/Library/Frameworks/Python.framework/Versions/3.14/Python
0x0000000190397000 	/System/Library/Frameworks/CoreFoundation.framework/Versions/A/CoreFoundation
0x000000018fef4000 	/usr/lib/libobjc.A.dylib
0x000000019462e000 	/System/Library/PrivateFrameworks/CoreServicesInternal.framework/Versions/A/CoreServicesInternal
0x0000000191c03000 	/System/Library/Frameworks/Foundation.framework/Versions/C/Foundation
0x00000001a0147000 	/usr/lib/liboah.dylib
0x00000001a017c000 	/usr/lib/libfakelink.dylib
0x0000000194056000 	/usr/lib/libicucore.A.dylib
0x00000001a017a000 	/usr/lib/libSystem.B.dylib
0x00000001a017e000 	/System/Library/PrivateFrameworks/SoftLinking.framework/Versions/A/SoftLinking
0x00000001a39e3000 	/usr/lib/swift/libswiftCore.dylib
0x00000001902f8000 	/usr/lib/libc++abi.dylib
0x0000000292a5d000 	/usr/lib/libRosetta.dylib
0x0000000190267000 	/usr/lib/libc++.1.dylib
0x00000001ad541000 	/usr/lib/swift/libswiftObjectiveC.dylib
0x0000000293fa5000 	/usr/lib/libswiftPrespecialized.dylib
0x0000000191872000 	/System/Library/Frameworks/SystemConfiguration.framework/Versions/A/SystemConfiguration
0x00000001a00c4000 	/usr/lib/libz.1.dylib
0x000000019abd6000 	/System/Library/PrivateFrameworks/CoreAutoLayout.framework/Versions/A/CoreAutoLayout
0x00000001a03a2000 	/usr/lib/libcompression.dylib
0x00000001966ac000 	/System/Library/Frameworks/CFNetwork.framework/Versions/A/CFNetwork
0x000000019a006000 	/System/Library/Frameworks/DiskArbitration.framework/Versions/A/DiskArbitration
0x00000001a01cf000 	/usr/lib/libarchive.2.dylib
0x0000000199f0b000 	/usr/lib/libDiagnosticMessagesClient.dylib
0x000000019ac1f000 	/usr/lib/libxml2.2.dylib
0x00000001a880e000 	/System/Library/Frameworks/CoreServices.framework/Versions/A/CoreServices
0x000000019dd77000 	/usr/lib/liblangid.dylib
0x00000001946ae000 	/System/Library/Frameworks/IOKit.framework/Versions/A/IOKit
0x00000001a64c7000 	/System/Library/Frameworks/Combine.framework/Versions/A/Combine
0x000000024863f000 	/System/Library/PrivateFrameworks/CollectionsInternal.framework/Versions/A/CollectionsInternal
0x0000000273f51000 	/System/Library/PrivateFrameworks/ReflectionInternal.framework/Versions/A/ReflectionInternal
0x0000000274e99000 	/System/Library/PrivateFrameworks/RuntimeInternal.framework/Versions/A/RuntimeInternal
0x00000001bd56c000 	/usr/lib/swift/libswiftCoreFoundation.dylib
0x00000001ba416000 	/usr/lib/swift/libswiftDarwin.dylib
0x00000001aa56e000 	/usr/lib/swift/libswiftDispatch.dylib
0x00000001bd5cd000 	/usr/lib/swift/libswiftIOKit.dylib
0x00000002943e7000 	/usr/lib/swift/libswiftSystem.dylib
0x00000001bd57f000 	/usr/lib/swift/libswiftXPC.dylib
0x0000000294419000 	/usr/lib/swift/libswift_Builtin_float.dylib
0x000000029441a000 	/usr/lib/swift/libswift_Concurrency.dylib
0x00000002944a6000 	/usr/lib/swift/libswift_DarwinFoundation1.dylib
0x000000029454a000 	/usr/lib/swift/libswift_StringProcessing.dylib
0x00000001ad545000 	/usr/lib/swift/libswiftos.dylib
0x00000001986c2000 	/System/Library/Frameworks/Network.framework/Versions/A/Network
0x000000019dd72000 	/System/Library/PrivateFrameworks/AppleSystemInfo.framework/Versions/A/AppleSystemInfo
0x0000000193c38000 	/System/Library/Frameworks/Security.framework/Versions/A/Security
0x000000019f3d7000 	/usr/lib/libbsm.0.dylib
0x000000019822e000 	/System/Library/PrivateFrameworks/ProtocolBuffer.framework/Versions/A/ProtocolBuffer
0x0000000199edb000 	/System/Library/PrivateFrameworks/CoreAnalytics.framework/Versions/A/CoreAnalytics
0x00000001bd42e000 	/System/Library/PrivateFrameworks/LoggingSupport.framework/Versions/A/LoggingSupport
0x00000001a4778000 	/System/Library/PrivateFrameworks/MobileAsset.framework/Versions/A/MobileAsset
0x00000001a9992000 	/System/Library/PrivateFrameworks/PowerLog.framework/Versions/A/PowerLog
0x00000001985c7000 	/System/Library/PrivateFrameworks/RunningBoardServices.framework/Versions/A/RunningBoardServices
0x000000023c96b000 	/System/Library/Frameworks/SwiftData.framework/Versions/A/SwiftData
0x00000001960e2000 	/System/Library/Frameworks/UniformTypeIdentifiers.framework/Versions/A/UniformTypeIdentifiers
0x000000019adc8000 	/System/Library/PrivateFrameworks/UserManagement.framework/Versions/A/UserManagement
0x00000001965d3000 	/usr/lib/libboringssl.dylib
0x00000001986a7000 	/usr/lib/libdns_services.dylib
0x00000001bc469000 	/usr/lib/libquic.dylib
0x00000001a3974000 	/usr/lib/libusrtcp.dylib
0x0000000196a7e000 	/usr/lib/libMobileGestalt.dylib
0x00000001a035a000 	/usr/lib/libapple_nghttp2.dylib
0x00000001a16be000 	/usr/lib/libcoretls_cfhelpers.dylib
0x000000019824a000 	/usr/lib/libsqlite3.dylib
0x0000000244b5a000 	/System/Library/PrivateFrameworks/AtomicsInternal.framework/Versions/A/AtomicsInternal
0x00000001e3624000 	/System/Library/PrivateFrameworks/InternalSwiftProtobuf.framework/Versions/A/InternalSwiftProtobuf
0x000000029426e000 	/usr/lib/swift/libswiftDistributed.dylib
0x0000000294297000 	/usr/lib/swift/libswiftObservation.dylib
0x00000002943d3000 	/usr/lib/swift/libswiftSynchronization.dylib
0x00000001a0174000 	/usr/lib/system/libcache.dylib
0x00000001a012f000 	/usr/lib/system/libcommonCrypto.dylib
0x00000001a015a000 	/usr/lib/system/libcompiler_rt.dylib
0x00000001a014f000 	/usr/lib/system/libcopyfile.dylib
0x000000019009c000 	/usr/lib/system/libcorecrypto.dylib
0x000000019019b000 	/usr/lib/system/libdispatch.dylib
0x000000018ff47000 	/usr/lib/system/libdyld.dylib
0x00000001a016a000 	/usr/lib/system/libkeymgr.dylib
0x00000001a0112000 	/usr/lib/system/libmacho.dylib
0x000000019f3af000 	/usr/lib/system/libquarantine.dylib
0x00000001a0167000 	/usr/lib/system/libremovefile.dylib
0x0000000196afe000 	/usr/lib/system/libsystem_asl.dylib
0x0000000190022000 	/usr/lib/system/libsystem_blocks.dylib
0x00000001901e6000 	/usr/lib/system/libsystem_c.dylib
0x00000001a015e000 	/usr/lib/system/libsystem_collections.dylib
0x000000019dd64000 	/usr/lib/system/libsystem_configuration.dylib
0x000000019c954000 	/usr/lib/system/libsystem_containermanager.dylib
0x000000019fb4e000 	/usr/lib/system/libsystem_coreservices.dylib
0x000000019432c000 	/usr/lib/system/libsystem_darwin.dylib
0x000000029473a000 	/usr/lib/system/libsystem_darwindirectory.dylib
0x00000001a016b000 	/usr/lib/system/libsystem_dnssd.dylib
0x000000029473e000 	/usr/lib/system/libsystem_eligibility.dylib
0x00000001901e3000 	/usr/lib/system/libsystem_featureflags.dylib
0x0000000190367000 	/usr/lib/system/libsystem_info.dylib
0x00000001a00d3000 	/usr/lib/system/libsystem_m.dylib
0x000000019014a000 	/usr/lib/system/libsystem_malloc.dylib
0x0000000196a61000 	/usr/lib/system/libsystem_networkextension.dylib
0x0000000194797000 	/usr/lib/system/libsystem_notify.dylib
0x000000019dd69000 	/usr/lib/system/libsystem_sandbox.dylib
0x0000000294748000 	/usr/lib/system/libsystem_sanitizers.dylib
0x00000001a0163000 	/usr/lib/system/libsystem_secinit.dylib
0x0000000190313000 	/usr/lib/system/libsystem_kernel.dylib
0x000000019035e000 	/usr/lib/system/libsystem_platform.dylib
0x0000000190351000 	/usr/lib/system/libsystem_pthread.dylib
0x00000001986b9000 	/usr/lib/system/libsystem_symptoms.dylib
0x000000019007b000 	/usr/lib/system/libsystem_trace.dylib
0x0000000294750000 	/usr/lib/system/libsystem_trial.dylib
0x00000001a013d000 	/usr/lib/system/libunwind.dylib
0x0000000190026000 	/usr/lib/system/libxpc.dylib
0x000000019f372000 	/System/Library/PrivateFrameworks/BackgroundTaskManagement.framework/Versions/A/BackgroundTaskManagement
0x0000000243ca6000 	/System/Library/PrivateFrameworks/AppleKeyStore.framework/Versions/A/AppleKeyStore
0x000000029275f000 	/usr/lib/libCoreEntitlements.dylib
0x00000002687cf000 	/System/Library/PrivateFrameworks/MessageSecurity.framework/Versions/A/MessageSecurity
0x00000001a9982000 	/System/Library/PrivateFrameworks/SymptomDiagnosticReporter.framework/Versions/A/SymptomDiagnosticReporter
0x00000001a188d000 	/System/Library/PrivateFrameworks/CrashReporterSupport.framework/Versions/A/CrashReporterSupport
0x000000019fb35000 	/System/Library/PrivateFrameworks/AppleFSCompression.framework/Versions/A/AppleFSCompression
0x000000019f3bf000 	/usr/lib/libcoretls.dylib
0x00000001a039c000 	/usr/lib/libpam.2.dylib
0x00000001a1734000 	/usr/lib/libxar.1.dylib
0x00000001a16c0000 	/System/Library/PrivateFrameworks/APFS.framework/Versions/A/APFS
0x00000002805ac000 	/System/Library/PrivateFrameworks/SwiftASN1Internal.framework/Versions/A/SwiftASN1Internal
0x00000001a1743000 	/usr/lib/libutil.dylib
0x0000000196a7c000 	/usr/lib/libenergytrace.dylib
0x00000001a0116000 	/usr/lib/system/libkxld.dylib
0x000000019f087000 	/System/Library/PrivateFrameworks/IOMobileFramebuffer.framework/Versions/A/IOMobileFramebuffer
0x000000019c98d000 	/System/Library/Frameworks/IOSurface.framework/Versions/A/IOSurface
0x00000001a1aff000 	/usr/lib/libheimdal-asn1.dylib
0x00000001a0336000 	/System/Library/PrivateFrameworks/AppleSauce.framework/Versions/A/AppleSauce
0x000000019f2df000 	/System/Library/Frameworks/SecurityFoundation.framework/Versions/A/SecurityFoundation
0x000000019f2b8000 	/System/Library/PrivateFrameworks/MobileKeyBag.framework/Versions/A/MobileKeyBag
0x00000001a48ee000 	/System/Library/PrivateFrameworks/CorePhoneNumbers.framework/Versions/A/CorePhoneNumbers
0x00000001aca73000 	/System/Library/PrivateFrameworks/RemoteServiceDiscovery.framework/Versions/A/RemoteServiceDiscovery
0x000000019dd70000 	/System/Library/PrivateFrameworks/AggregateDictionary.framework/Versions/A/AggregateDictionary
0x00000001aca8a000 	/System/Library/PrivateFrameworks/RemoteXPC.framework/Versions/A/RemoteXPC
0x00000001cc3eb000 	/usr/lib/libFDR.dylib
0x00000001d238e000 	/usr/lib/libamsupport.dylib
0x0000000292a55000 	/usr/lib/libReverseProxyDevice.dylib
0x00000001c4654000 	/System/Library/PrivateFrameworks/MSUDataAccessor.framework/Versions/A/MSUDataAccessor
0x000000024351b000 	/System/Library/PrivateFrameworks/AppleDeviceQuerySupport.framework/Versions/A/AppleDeviceQuerySupport
0x00000001acbbb000 	/System/Library/PrivateFrameworks/AppSupport.framework/Versions/A/AppSupport
0x00000001970ef000 	/System/Library/Frameworks/CoreGraphics.framework/Versions/A/CoreGraphics
0x00000001a4715000 	/System/Library/Frameworks/GSS.framework/Versions/A/GSS
0x00000001ad4c9000 	/System/Library/PrivateFrameworks/StreamingZip.framework/Versions/A/StreamingZip
0x00000001a169f000 	/usr/lib/liblzma.5.dylib
0x000000019ab9b000 	/System/Library/Frameworks/CoreServices.framework/Versions/A/Frameworks/FSEvents.framework/Versions/A/FSEvents
0x0000000194336000 	/System/Library/Frameworks/CoreServices.framework/Versions/A/Frameworks/CarbonCore.framework/Versions/A/CarbonCore
0x0000000199f7a000 	/System/Library/Frameworks/CoreServices.framework/Versions/A/Frameworks/Metadata.framework/Versions/A/Metadata
0x000000019fb55000 	/System/Library/Frameworks/CoreServices.framework/Versions/A/Frameworks/OSServices.framework/Versions/A/OSServices
0x00000001a02c7000 	/System/Library/Frameworks/CoreServices.framework/Versions/A/Frameworks/SearchKit.framework/Versions/A/SearchKit
0x0000000198633000 	/System/Library/Frameworks/CoreServices.framework/Versions/A/Frameworks/AE.framework/Versions/A/AE
0x00000001908f5000 	/System/Library/Frameworks/CoreServices.framework/Versions/A/Frameworks/LaunchServices.framework/Versions/A/LaunchServices
0x00000001a1648000 	/System/Library/Frameworks/CoreServices.framework/Versions/A/Frameworks/DictionaryServices.framework/Versions/A/DictionaryServices
0x000000019aba8000 	/System/Library/Frameworks/CoreServices.framework/Versions/A/Frameworks/SharedFileList.framework/Versions/A/SharedFileList
0x000000019f3b3000 	/usr/lib/libCheckFix.dylib
0x0000000196b16000 	/System/Library/PrivateFrameworks/TCC.framework/Versions/A/TCC
0x000000019dd79000 	/System/Library/PrivateFrameworks/CoreNLP.framework/Versions/A/CoreNLP
0x0000000199f0d000 	/System/Library/PrivateFrameworks/MetadataUtilities.framework/Versions/A/MetadataUtilities
0x00000001a8a8d000 	/System/Library/Frameworks/Accelerate.framework/Versions/A/Accelerate
0x000000019f3e9000 	/usr/lib/libmecab.dylib
0x0000000191906000 	/usr/lib/libCRFSuite.dylib
0x000000019f448000 	/usr/lib/libgermantok.dylib
0x00000001a032d000 	/usr/lib/libThaiTokenizer.dylib
0x000000019a010000 	/System/Library/Frameworks/Accelerate.framework/Versions/A/Frameworks/vImage.framework/Versions/A/vImage
0x00000001a87e9000 	/System/Library/Frameworks/Accelerate.framework/Versions/A/Frameworks/vecLib.framework/Versions/A/vecLib
0x00000001a177a000 	/System/Library/Frameworks/Accelerate.framework/Versions/A/Frameworks/vecLib.framework/Versions/A/libvMisc.dylib
0x0000000190df9000 	/System/Library/Frameworks/Accelerate.framework/Versions/A/Frameworks/vecLib.framework/Versions/A/libBLAS.dylib
0x000000019ad06000 	/System/Library/Frameworks/CoreVideo.framework/Versions/A/CoreVideo
0x0000000197844000 	/System/Library/Frameworks/ColorSync.framework/Versions/A/ColorSync
0x0000000193279000 	/System/Library/Frameworks/CoreText.framework/Versions/A/CoreText
0x000000019d480000 	/System/Library/Frameworks/ImageIO.framework/Versions/A/ImageIO
0x0000000196b3a000 	/System/Library/PrivateFrameworks/SkyLight.framework/Versions/A/SkyLight
0x000000019ce5b000 	/System/Library/PrivateFrameworks/FontServices.framework/libFontParser.dylib
0x0000000245316000 	/System/Library/PrivateFrameworks/BiomeLibrary.framework/Versions/A/BiomeLibrary
0x00000001984d5000 	/System/Library/PrivateFrameworks/BaseBoard.framework/Versions/A/BaseBoard
0x00000001aa8cf000 	/System/Library/PrivateFrameworks/BoardServices.framework/Versions/A/BoardServices
0x00000001ac79b000 	/System/Library/PrivateFrameworks/BackBoardServices.framework/Versions/A/BackBoardServices
0x000000024521b000 	/System/Library/PrivateFrameworks/BackBoardHIDEventFoundation.framework/Versions/A/BackBoardHIDEventFoundation
0x0000000192d95000 	/System/Library/Frameworks/CoreDisplay.framework/Versions/A/CoreDisplay
0x00000001a2359000 	/System/Library/Frameworks/VideoToolbox.framework/Versions/A/VideoToolbox
0x00000001a039a000 	/System/Library/Frameworks/MetalPerformanceShaders.framework/Versions/A/MetalPerformanceShaders
0x0000000272e7d000 	/System/Library/PrivateFrameworks/ProDisplayLibrary.framework/Versions/A/ProDisplayLibrary
0x00000001b05ba000 	/System/Library/PrivateFrameworks/IOSurfaceAccelerator.framework/Versions/A/IOSurfaceAccelerator
0x000000019c9b5000 	/System/Library/Frameworks/Metal.framework/Versions/A/Metal
0x000000019c9aa000 	/System/Library/PrivateFrameworks/IOAccelerator.framework/Versions/A/IOAccelerator
0x000000019ccb9000 	/System/Library/Frameworks/CoreMedia.framework/Versions/A/CoreMedia
0x00000001a2311000 	/System/Library/PrivateFrameworks/WatchdogClient.framework/Versions/A/WatchdogClient
0x000000019a435000 	/System/Library/Frameworks/QuartzCore.framework/Versions/A/QuartzCore
0x00000001a2313000 	/System/Library/PrivateFrameworks/MultitouchSupport.framework/Versions/A/MultitouchSupport
0x00000001d5332000 	/usr/lib/swift/libswiftAccelerate.dylib
0x00000001bd54c000 	/usr/lib/swift/libswiftCoreAudio.dylib
0x00000001d949b000 	/usr/lib/swift/libswiftCoreMedia.dylib
0x00000001cb4b9000 	/usr/lib/swift/libswiftMetal.dylib
0x00000001dac49000 	/usr/lib/swift/libswiftOSLog.dylib
0x00000001d089a000 	/usr/lib/swift/libswiftQuartzCore.dylib
0x00000001d5322000 	/usr/lib/swift/libswiftUniformTypeIdentifiers.dylib
0x0000000294401000 	/usr/lib/swift/libswiftVideoToolbox.dylib
0x00000001c10a7000 	/usr/lib/swift/libswiftsimd.dylib
0x00000001cc517000 	/System/Library/PrivateFrameworks/BiomeStreams.framework/Versions/A/BiomeStreams
0x00000001d27ed000 	/System/Library/PrivateFrameworks/BiomeStorage.framework/Versions/A/BiomeStorage
0x00000001c8599000 	/System/Library/PrivateFrameworks/BiomeFoundation.framework/Versions/A/BiomeFoundation
0x0000000261520000 	/System/Library/PrivateFrameworks/IntelligencePlatformLibrary.framework/Versions/A/IntelligencePlatformLibrary
0x0000000271c45000 	/System/Library/PrivateFrameworks/PoirotSchematizer.framework/Versions/A/PoirotSchematizer
0x0000000245bc4000 	/System/Library/PrivateFrameworks/BiomeSync.framework/Versions/A/BiomeSync
0x00000002452fc000 	/System/Library/PrivateFrameworks/BiomeDSL.framework/Versions/A/BiomeDSL
0x00000001d278c000 	/System/Library/PrivateFrameworks/BiomePubSub.framework/Versions/A/BiomePubSub
0x00000001ae4ac000 	/System/Library/PrivateFrameworks/ProactiveSupport.framework/Versions/A/ProactiveSupport
0x00000001eb75a000 	/System/Library/PrivateFrameworks/FeatureFlags.framework/Versions/A/FeatureFlags
0x0000000271cb3000 	/System/Library/PrivateFrameworks/PoirotUDFs.framework/Versions/A/PoirotUDFs
0x00000002944a9000 	/usr/lib/swift/libswift_DarwinFoundation2.dylib
0x00000002944aa000 	/usr/lib/swift/libswift_DarwinFoundation3.dylib
0x00000001aae43000 	/System/Library/PrivateFrameworks/CoreTime.framework/Versions/A/CoreTime
0x00000001acecf000 	/System/Library/PrivateFrameworks/InternationalTextSearch.framework/Versions/A/InternationalTextSearch
0x00000001c4a7e000 	/System/Library/PrivateFrameworks/SoftwareUpdateCoreSupport.framework/Versions/A/SoftwareUpdateCoreSupport
0x00000001ccfb5000 	/System/Library/PrivateFrameworks/SoftwareUpdateCoreConnect.framework/Versions/A/SoftwareUpdateCoreConnect
0x00000001bf5f9000 	/usr/lib/libbootpolicy.dylib
0x00000001d554a000 	/usr/lib/libpartition2_dynamic.dylib
0x000000029260a000 	/usr/lib/libAppleArchive.dylib
0x000000019fb41000 	/usr/lib/libbz2.1.0.dylib
0x00000001cf404000 	/System/Library/PrivateFrameworks/OSAnalytics.framework/Versions/A/OSAnalytics
0x000000024f93b000 	/System/Library/PrivateFrameworks/DeviceRecovery.framework/Versions/A/DeviceRecovery
0x00000001aace7000 	/System/Library/PrivateFrameworks/CoreSymbolication.framework/Versions/A/CoreSymbolication
0x00000001ded0f000 	/System/Library/PrivateFrameworks/Symbolication.framework/Versions/A/Symbolication
0x00000001aacc5000 	/System/Library/PrivateFrameworks/DebugSymbols.framework/Versions/A/DebugSymbols
0x00000001bd4bd000 	/System/Library/PrivateFrameworks/MallocStackLogging.framework/Versions/A/MallocStackLogging
0x00000002944ab000 	/usr/lib/swift/libswift_RegexParser.dylib
0x00000001a01b4000 	/usr/lib/libiconv.2.dylib
0x00000001a0111000 	/usr/lib/libcharset.1.dylib
0x0000000271c08000 	/System/Library/PrivateFrameworks/PoirotSQLite.framework/Versions/A/PoirotSQLite
0x00000002471f2000 	/System/Library/PrivateFrameworks/CascadeSets.framework/Versions/A/CascadeSets
0x00000001a210b000 	/System/Library/PrivateFrameworks/AppleJPEG.framework/Versions/A/AppleJPEG
0x00000001a1ae4000 	/usr/lib/libexpat.1.dylib
0x00000001a28d6000 	/System/Library/Frameworks/ImageIO.framework/Versions/A/Resources/libPng.dylib
0x00000001a2901000 	/System/Library/Frameworks/ImageIO.framework/Versions/A/Resources/libTIFF.dylib
0x00000001a29e9000 	/System/Library/Frameworks/ImageIO.framework/Versions/A/Resources/libGIF.dylib
0x00000001a2150000 	/System/Library/Frameworks/ImageIO.framework/Versions/A/Resources/libJP2.dylib
0x00000001a17f4000 	/usr/lib/libate.dylib
0x00000001a2990000 	/System/Library/Frameworks/ImageIO.framework/Versions/A/Resources/libJPEG.dylib
0x00000001a2987000 	/System/Library/Frameworks/ImageIO.framework/Versions/A/Resources/libRadiance.dylib
0x0000000257269000 	/System/Library/PrivateFrameworks/GPUCompiler.framework/Versions/32023/Libraries/libllvm-flatbuffers.dylib
0x0000000251cc9000 	/System/Library/PrivateFrameworks/FramePacing.framework/Versions/A/FramePacing
0x00000002353ba000 	/System/Library/Frameworks/OpenGL.framework/Versions/A/Libraries/libCoreFSCache.dylib
0x0000000252df6000 	/System/Library/PrivateFrameworks/GPUCompiler.framework/Versions/32023/Libraries/libGPUCompilerUtils.dylib
0x0000000197e40000 	/System/Library/Frameworks/CoreData.framework/Versions/A/CoreData
0x000000023743e000 	/System/Library/Frameworks/ExtensionFoundation.framework/Versions/A/ExtensionFoundation
0x00000001a1d68000 	/System/Library/PrivateFrameworks/AppServerSupport.framework/Versions/A/AppServerSupport
0x000000026d6c9000 	/System/Library/PrivateFrameworks/OSEligibility.framework/Versions/A/OSEligibility
0x0000000238829000 	/System/Library/Frameworks/LightweightCodeRequirements.framework/Versions/A/LightweightCodeRequirements
0x00000001a19e4000 	/System/Library/PrivateFrameworks/PlugInKit.framework/Versions/A/PlugInKit
0x000000019f2d0000 	/System/Library/PrivateFrameworks/AssertionServices.framework/Versions/A/AssertionServices
0x000000019d7bf000 	/System/Library/Frameworks/CoreImage.framework/Versions/A/CoreImage
0x00000001a1d18000 	/System/Library/PrivateFrameworks/GraphVisualizer.framework/Versions/A/GraphVisualizer
0x00000002353c8000 	/System/Library/Frameworks/OpenGL.framework/Versions/A/OpenGL
0x0000000235419000 	/System/Library/Frameworks/OpenGL.framework/Versions/A/Libraries/libGLU.dylib
0x00000002353dc000 	/System/Library/Frameworks/OpenGL.framework/Versions/A/Libraries/libGFXShared.dylib
0x00000002355a9000 	/System/Library/Frameworks/OpenGL.framework/Versions/A/Libraries/libGL.dylib
0x00000002353e5000 	/System/Library/Frameworks/OpenGL.framework/Versions/A/Libraries/libGLImage.dylib
0x00000002353d9000 	/System/Library/Frameworks/OpenGL.framework/Versions/A/Libraries/libCVMSPluginSupport.dylib
0x00000002353c2000 	/System/Library/Frameworks/OpenGL.framework/Versions/A/Libraries/libCoreVMClient.dylib
0x0000000251bd4000 	/System/Library/PrivateFrameworks/FontServices.framework/Versions/A/FontServices
0x00000001a1d28000 	/System/Library/PrivateFrameworks/OTSVG.framework/Versions/A/OTSVG
0x000000019a84b000 	/System/Library/Frameworks/ApplicationServices.framework/Versions/A/Frameworks/ATS.framework/Versions/A/Resources/libFontRegistry.dylib
0x00000002935e5000 	/usr/lib/libhvf.dylib
0x000000026e349000 	/System/Library/PrivateFrameworks/ParsingInternal.framework/Versions/A/ParsingInternal
0x0000000251bd8000 	/System/Library/PrivateFrameworks/FontServices.framework/libXTFontStaticRegistryData.dylib
0x000000019dcaa000 	/System/Library/Frameworks/MetalPerformanceShaders.framework/Versions/A/Frameworks/MPSCore.framework/Versions/A/MPSCore
0x000000019faa0000 	/System/Library/Frameworks/MetalPerformanceShaders.framework/Versions/A/Frameworks/MPSImage.framework/Versions/A/MPSImage
0x000000019f45f000 	/System/Library/Frameworks/MetalPerformanceShaders.framework/Versions/A/Frameworks/MPSNeuralNetwork.framework/Versions/A/MPSNeuralNetwork
0x000000019f89e000 	/System/Library/Frameworks/MetalPerformanceShaders.framework/Versions/A/Frameworks/MPSMatrix.framework/Versions/A/MPSMatrix
0x000000019f6b6000 	/System/Library/Frameworks/MetalPerformanceShaders.framework/Versions/A/Frameworks/MPSRayIntersector.framework/Versions/A/MPSRayIntersector
0x000000019f8d0000 	/System/Library/Frameworks/MetalPerformanceShaders.framework/Versions/A/Frameworks/MPSNDArray.framework/Versions/A/MPSNDArray
0x00000002396aa000 	/System/Library/Frameworks/MetalPerformanceShaders.framework/Versions/A/Frameworks/MPSFunctions.framework/Versions/A/MPSFunctions
0x000000023968b000 	/System/Library/Frameworks/MetalPerformanceShaders.framework/Versions/A/Frameworks/MPSBenchmarkLoop.framework/Versions/A/MPSBenchmarkLoop
0x00000002396be000 	/System/Library/Frameworks/MetalPerformanceShaders.framework/Versions/A/Frameworks/MPSHost.framework/Versions/A/MPSHost
0x0000000190c10000 	/System/Library/PrivateFrameworks/MetalTools.framework/Versions/A/MetalTools
0x00000001c27bd000 	/System/Library/PrivateFrameworks/IOAccelMemoryInfo.framework/Versions/A/IOAccelMemoryInfo
0x00000001d0c8d000 	/System/Library/PrivateFrameworks/kperf.framework/Versions/A/kperf
0x00000001bd548000 	/System/Library/PrivateFrameworks/GPURawCounter.framework/Versions/A/GPURawCounter
0x00000001ae637000 	/System/Library/PrivateFrameworks/ASEProcessing.framework/Versions/A/ASEProcessing
0x00000002717f4000 	/System/Library/PrivateFrameworks/PhotosensitivityProcessing.framework/Versions/A/PhotosensitivityProcessing
0x00000002750eb000 	/System/Library/PrivateFrameworks/SILManager.framework/Versions/A/SILManager
0x0000000283cbf000 	/System/Library/PrivateFrameworks/Tightbeam.framework/Versions/A/Tightbeam
0x00000001cb4c7000 	/usr/lib/swift/libswiftCompression.dylib
0x00000001d5ab7000 	/System/Library/PrivateFrameworks/AFKUser.framework/Versions/A/AFKUser
0x00000001a408e000 	/System/Library/Frameworks/AudioToolbox.framework/Versions/A/AudioToolbox
0x0000000192eb6000 	/System/Library/PrivateFrameworks/AudioToolboxCore.framework/Versions/A/AudioToolboxCore
0x00000001a4263000 	/System/Library/PrivateFrameworks/AudioSession.framework/Versions/A/AudioSession
0x00000001af8b2000 	/System/Library/Frameworks/CoreMIDI.framework/Versions/A/CoreMIDI
0x00000001a42e4000 	/usr/lib/libAudioStatistics.dylib
0x000000019cc8f000 	/System/Library/PrivateFrameworks/caulk.framework/Versions/A/caulk
0x00000001934a2000 	/System/Library/Frameworks/CoreAudio.framework/Versions/A/CoreAudio
0x00000001a28b0000 	/usr/lib/libAudioToolboxUtility.dylib
0x00000001c3e78000 	/usr/lib/swift/libswiftCoreMIDI.dylib
0x00000001a46e7000 	/System/Library/PrivateFrameworks/perfdata.framework/Versions/A/perfdata
0x00000001bc55e000 	/System/Library/PrivateFrameworks/SystemPolicy.framework/Versions/A/SystemPolicy
0x00000001a458c000 	/usr/lib/libSMC.dylib
0x00000001a46f5000 	/usr/lib/libperfcheck.dylib
0x0000000244c29000 	/System/Library/PrivateFrameworks/AudioAnalytics.framework/Versions/A/AudioAnalytics
0x00000001e3316000 	/System/Library/Frameworks/OSLog.framework/Versions/A/OSLog
0x00000001bd4ef000 	/usr/lib/libmis.dylib
0x00000001a1c29000 	/System/Library/PrivateFrameworks/MediaExperience.framework/Versions/A/MediaExperience
0x00000001a4038000 	/System/Library/PrivateFrameworks/AudioSession.framework/libSessionUtility.dylib
0x00000001a29ef000 	/System/Library/PrivateFrameworks/CMCaptureCore.framework/Versions/A/CMCaptureCore
0x00000001a1d75000 	/usr/lib/libspindump.dylib
0x00000001b5416000 	/System/Library/PrivateFrameworks/HID.framework/Versions/A/HID
0x00000001915f4000 	/System/Library/PrivateFrameworks/Lexicon.framework/Versions/A/Lexicon
0x000000019de99000 	/System/Library/PrivateFrameworks/LinguisticData.framework/Versions/A/LinguisticData
0x00000001aa99c000 	/System/Library/PrivateFrameworks/GraphicsServices.framework/Versions/A/GraphicsServices
0x000000019ab63000 	/System/Library/Frameworks/OpenDirectory.framework/Versions/A/OpenDirectory
0x000000019ab71000 	/System/Library/Frameworks/OpenDirectory.framework/Versions/A/Frameworks/CFOpenDirectory.framework/Versions/A/CFOpenDirectory
0x00000002883c8000 	/System/Library/PrivateFrameworks/VideoToolboxParavirtualizationSupport.framework/Versions/A/VideoToolboxParavirtualizationSupport
0x00000001a1a9b000 	/System/Library/PrivateFrameworks/AppleVA.framework/Versions/A/AppleVA
0x00000001a2982000 	/System/Library/PrivateFrameworks/GPUWrangler.framework/Versions/A/GPUWrangler
0x00000001a2962000 	/System/Library/PrivateFrameworks/IOPresentment.framework/Versions/A/IOPresentment
0x00000001a298a000 	/System/Library/PrivateFrameworks/DSExternalDisplay.framework/Versions/A/DSExternalDisplay
0x00000001a9a80000 	/System/Library/PrivateFrameworks/MediaKit.framework/Versions/A/MediaKit
0x00000001a99ce000 	/System/Library/Frameworks/DiscRecording.framework/Versions/A/DiscRecording
0x0000000244649000 	/System/Library/PrivateFrameworks/AppleMobileFileIntegrity.framework/Versions/A/AppleMobileFileIntegrity
0x0000000292acc000 	/usr/lib/libTLE.dylib
0x00000001f4d82000 	/System/Library/PrivateFrameworks/ConfigProfileHelper.framework/Versions/A/ConfigProfileHelper
0x00000002635c9000 	/System/Library/PrivateFrameworks/MIL.framework/Versions/A/MIL
0x00000001a46cc000 	/System/Library/PrivateFrameworks/NetAuth.framework/Versions/A/NetAuth
0x000000019ad87000 	/System/Library/PrivateFrameworks/login.framework/Versions/A/Frameworks/loginsupport.framework/Versions/A/loginsupport
0x00000001e37fb000 	/System/Library/PrivateFrameworks/HIDDisplay.framework/Versions/A/HIDDisplay
0x00000001a4703000 	/System/Library/Frameworks/Kerberos.framework/Versions/A/Kerberos
0x00000001a4374000 	/usr/lib/libresolv.9.dylib
0x00000001a1d7c000 	/System/Library/PrivateFrameworks/Heimdal.framework/Versions/A/Heimdal
0x00000001ad49e000 	/System/Library/Frameworks/Kerberos.framework/Versions/A/Libraries/libHeimdalProxy.dylib
0x00000001a4767000 	/System/Library/PrivateFrameworks/CommonAuth.framework/Versions/A/CommonAuth
0x000000019ef15000 	/System/Library/Frameworks/Accelerate.framework/Versions/A/Frameworks/vecLib.framework/Versions/A/libvDSP.dylib
0x00000001a0477000 	/System/Library/Frameworks/Accelerate.framework/Versions/A/Frameworks/vecLib.framework/Versions/A/libLAPACK.dylib
0x000000019f44b000 	/System/Library/Frameworks/Accelerate.framework/Versions/A/Frameworks/vecLib.framework/Versions/A/libLinearAlgebra.dylib
0x00000001a0373000 	/System/Library/Frameworks/Accelerate.framework/Versions/A/Frameworks/vecLib.framework/Versions/A/libSparseBLAS.dylib
0x00000001a0472000 	/System/Library/Frameworks/Accelerate.framework/Versions/A/Frameworks/vecLib.framework/Versions/A/libQuadrature.dylib
0x000000019dea0000 	/System/Library/Frameworks/Accelerate.framework/Versions/A/Frameworks/vecLib.framework/Versions/A/libBNNS.dylib
0x0000000191704000 	/System/Library/Frameworks/Accelerate.framework/Versions/A/Frameworks/vecLib.framework/Versions/A/libSparse.dylib
0x000000025eae3000 	/System/Library/PrivateFrameworks/InstalledContentLibrary.framework/Versions/A/InstalledContentLibrary
0x000000019466e000 	/System/Library/PrivateFrameworks/CoreServicesStore.framework/Versions/A/CoreServicesStore
0x000000019abd2000 	/usr/lib/libapp_launch_measurement.dylib
0x00000001d0da4000 	/System/Library/PrivateFrameworks/MobileSystemServices.framework/Versions/A/MobileSystemServices
0x00000001a1747000 	/usr/lib/libxslt.1.dylib
0x00000001ac979000 	/System/Library/PrivateFrameworks/DiskImages.framework/Versions/A/DiskImages
0x00000001b9ebc000 	/System/Library/Frameworks/NetFS.framework/Versions/A/NetFS
0x00000001acb34000 	/usr/lib/libcurl.4.dylib
0x0000000293399000 	/usr/lib/libcrypto.46.dylib
0x0000000293f32000 	/usr/lib/libssl.48.dylib
0x00000001ac80e000 	/System/Library/Frameworks/LDAP.framework/Versions/A/LDAP
0x00000001ac84a000 	/System/Library/PrivateFrameworks/TrustEvaluationAgent.framework/Versions/A/TrustEvaluationAgent
0x00000001a4391000 	/usr/lib/libsasl2.2.dylib
0x00000001010c8000 	/Library/Frameworks/Python.framework/Versions/3.14/lib/python3.14/lib-dynload/_json.cpython-314-darwin.so
0x000000010109c000 	/Library/Frameworks/Python.framework/Versions/3.14/lib/python3.14/lib-dynload/_struct.cpython-314-darwin.so
0x0000000101f4c000 	/Library/Frameworks/Python.framework/Versions/3.14/lib/python3.14/lib-dynload/unicodedata.cpython-314-darwin.so
0x0000000101124000 	/Library/Frameworks/Python.framework/Versions/3.14/lib/python3.14/lib-dynload/_socket.cpython-314-darwin.so
0x000000010110c000 	/Library/Frameworks/Python.framework/Versions/3.14/lib/python3.14/lib-dynload/select.cpython-314-darwin.so
0x0000000101148000 	/Library/Frameworks/Python.framework/Versions/3.14/lib/python3.14/lib-dynload/_heapq.cpython-314-darwin.so
0x000000010115c000 	/Library/Frameworks/Python.framework/Versions/3.14/lib/python3.14/lib-dynload/_queue.cpython-314-darwin.so
0x0000000101170000 	/Library/Frameworks/Python.framework/Versions/3.14/lib/python3.14/lib-dynload/binascii.cpython-314-darwin.so
0x0000000101ec8000 	/Library/Frameworks/Python.framework/Versions/3.14/lib/python3.14/lib-dynload/_decimal.cpython-314-darwin.so
0x00000001010e0000 	/Library/Frameworks/Python.framework/Versions/3.14/lib/python3.14/lib-dynload/math.cpython-314-darwin.so
0x00000001015ec000 	/Library/Frameworks/Python.framework/Versions/3.14/lib/python3.14/lib-dynload/_ssl.cpython-314-darwin.so
0x00000001069ec000 	/Library/Frameworks/Python.framework/Versions/3.14/lib/libssl.3.dylib
0x00000001071f8000 	/Library/Frameworks/Python.framework/Versions/3.14/lib/libcrypto.3.dylib
0x0000000106928000 	/Library/Frameworks/Python.framework/Versions/3.14/lib/python3.14/lib-dynload/pyexpat.cpython-314-darwin.so
0x0000000101f20000 	/Library/Frameworks/Python.framework/Versions/3.14/lib/python3.14/lib-dynload/zlib.cpython-314-darwin.so
0x00000001068a4000 	/Library/Frameworks/Python.framework/Versions/3.14/lib/python3.14/lib-dynload/_bz2.cpython-314-darwin.so
0x00000001068b8000 	/Library/Frameworks/Python.framework/Versions/3.14/lib/python3.14/lib-dynload/_lzma.cpython-314-darwin.so
0x0000000102010000 	/Library/Frameworks/Python.framework/Versions/3.14/lib/python3.14/lib-dynload/_zstd.cpython-314-darwin.so
0x0000000106fe8000 	/Library/Frameworks/Python.framework/Versions/3.14/lib/libzstd.1.5.7.dylib
0x0000000106968000 	/Library/Frameworks/Python.framework/Versions/3.14/lib/python3.14/lib-dynload/fcntl.cpython-314-darwin.so
0x000000010697c000 	/Library/Frameworks/Python.framework/Versions/3.14/lib/python3.14/lib-dynload/termios.cpython-314-darwin.so
0x0000000106990000 	/Library/Frameworks/Python.framework/Versions/3.14/lib/python3.14/lib-dynload/_ctypes.cpython-314-darwin.so
0x00000001a4a4a000 	/usr/lib/libffi.dylib
0x0000000101f3c000 	/usr/lib/libffi-trampolines.dylib
0x0000000106ce4000 	/Library/Frameworks/Python.framework/Versions/3.14/lib/python3.14/lib-dynload/_pickle.cpython-314-darwin.so
0x00000001069c4000 	/Library/Frameworks/Python.framework/Versions/3.14/lib/python3.14/lib-dynload/_bisect.cpython-314-darwin.so
0x00000001069d8000 	/Library/Frameworks/Python.framework/Versions/3.14/lib/python3.14/lib-dynload/grp.cpython-314-darwin.so
0x0000000106c8c000 	/Library/Frameworks/Python.framework/Versions/3.14/lib/python3.14/lib-dynload/_posixsubprocess.cpython-314-darwin.so
0x0000000107cc0000 	/Users/nathanspencer/Desktop/code/nstk/.venv/lib/python3.14/site-packages/numpy/_core/_multiarray_umath.cpython-314-darwin.so
0x0000000106ca0000 	/Users/nathanspencer/Desktop/code/nstk/.venv/lib/python3.14/site-packages/numpy/linalg/_umath_linalg.cpython-314-darwin.so
0x0000000106cc8000 	/Library/Frameworks/Python.framework/Versions/3.14/lib/python3.14/lib-dynload/_random.cpython-314-darwin.so
0x0000000106f64000 	/Users/nathanspencer/Desktop/code/nstk/.venv/lib/python3.14/site-packages/numpy/fft/_pocketfft_umath.cpython-314-darwin.so
0x0000000108bd8000 	/Users/nathanspencer/Desktop/code/nstk/.venv/lib/python3.14/site-packages/erfa/ufunc.abi3.so
0x0000000106910000 	/Users/nathanspencer/Desktop/code/nstk/.venv/lib/python3.14/site-packages/astropy/time/_parse_times.abi3.so
0x0000000108b38000 	/Users/nathanspencer/Desktop/code/nstk/.venv/lib/python3.14/site-packages/_jpype.cpython-314-darwin.so
0x0000000106f48000 	/Library/Frameworks/Python.framework/Versions/3.14/lib/python3.14/lib-dynload/_hashlib.cpython-314-darwin.so
0x0000000106fb8000 	/Library/Frameworks/Python.framework/Versions/3.14/lib/python3.14/lib-dynload/_blake2.cpython-314-darwin.so
0x00000001093d8000 	/Users/nathanspencer/Desktop/code/nstk/.venv/lib/python3.14/site-packages/yaml/_yaml.cpython-314-darwin.so
0x0000000110320000 	/Users/nathanspencer/Desktop/code/nstk/.venv/lib/python3.14/site-packages/llvmlite/binding/libllvmlite.dylib
0x0000000106f10000 	/Users/nathanspencer/Desktop/code/nstk/.venv/lib/python3.14/site-packages/numba/core/typeconv/_typeconv.cpython-314-darwin.so
0x0000000109378000 	/Users/nathanspencer/Desktop/code/nstk/.venv/lib/python3.14/site-packages/numpy/random/bit_generator.cpython-314-darwin.so
0x0000000109838000 	/Users/nathanspencer/Desktop/code/nstk/.venv/lib/python3.14/site-packages/numpy/random/_common.cpython-314-darwin.so
0x0000000106f20000 	/Library/Frameworks/Python.framework/Versions/3.14/lib/python3.14/lib-dynload/_hmac.cpython-314-darwin.so
0x0000000109900000 	/Users/nathanspencer/Desktop/code/nstk/.venv/lib/python3.14/site-packages/numpy/random/mtrand.cpython-314-darwin.so
0x0000000109870000 	/Users/nathanspencer/Desktop/code/nstk/.venv/lib/python3.14/site-packages/numpy/random/_bounded_integers.cpython-314-darwin.so
0x0000000107c90000 	/Users/nathanspencer/Desktop/code/nstk/.venv/lib/python3.14/site-packages/numpy/random/_mt19937.cpython-314-darwin.so
0x00000001093b0000 	/Users/nathanspencer/Desktop/code/nstk/.venv/lib/python3.14/site-packages/numpy/random/_philox.cpython-314-darwin.so
0x00000001098bc000 	/Users/nathanspencer/Desktop/code/nstk/.venv/lib/python3.14/site-packages/numpy/random/_pcg64.cpython-314-darwin.so
0x00000001098e0000 	/Users/nathanspencer/Desktop/code/nstk/.venv/lib/python3.14/site-packages/numpy/random/_sfc64.cpython-314-darwin.so
0x0000000109a40000 	/Users/nathanspencer/Desktop/code/nstk/.venv/lib/python3.14/site-packages/numpy/random/_generator.cpython-314-darwin.so
0x0000000106fd0000 	/Library/Frameworks/Python.framework/Versions/3.14/lib/python3.14/lib-dynload/_uuid.cpython-314-darwin.so
0x00000001099d0000 	/Users/nathanspencer/Desktop/code/nstk/.venv/lib/python3.14/site-packages/numba/_helperlib.cpython-314-darwin.so
0x0000000107c6c000 	/Users/nathanspencer/Desktop/code/nstk/.venv/lib/python3.14/site-packages/numba/_dynfunc.cpython-314-darwin.so
0x0000000109990000 	/Users/nathanspencer/Desktop/code/nstk/.venv/lib/python3.14/site-packages/numba/_dispatcher.cpython-314-darwin.so
0x0000000107c7c000 	/Users/nathanspencer/Desktop/code/nstk/.venv/lib/python3.14/site-packages/numba/_devicearray.cpython-314-darwin.so
0x00000001099a4000 	/Users/nathanspencer/Desktop/code/nstk/.venv/lib/python3.14/site-packages/numba/core/runtime/_nrt_python.cpython-314-darwin.so
0x00000001099b4000 	/Users/nathanspencer/Desktop/code/nstk/.venv/lib/python3.14/site-packages/numba/np/ufunc/_internal.cpython-314-darwin.so
0x0000000109a10000 	/Users/nathanspencer/Desktop/code/nstk/.venv/lib/python3.14/site-packages/numba/experimental/jitclass/_box.cpython-314-darwin.so
0x000000010a51c000 	/Users/nathanspencer/Desktop/code/nstk/.venv/lib/python3.14/site-packages/jdk4py/java-runtime/lib/libjli.dylib
0x00000001afaa5000 	/System/Library/Frameworks/Cocoa.framework/Versions/A/Cocoa
0x0000000194806000 	/System/Library/Frameworks/AppKit.framework/Versions/C/AppKit
0x000000024861a000 	/System/Library/PrivateFrameworks/CollectionViewCore.framework/Versions/A/CollectionViewCore
0x000000019d43c000 	/System/Library/PrivateFrameworks/XCTTargetBootstrap.framework/Versions/A/XCTTargetBootstrap
0x00000001a2e66000 	/System/Library/PrivateFrameworks/UserActivity.framework/Versions/A/UserActivity
0x0000000251cd6000 	/System/Library/PrivateFrameworks/FrontBoard.framework/Versions/A/FrontBoard
0x0000000285e08000 	/System/Library/PrivateFrameworks/UIIntelligenceSupport.framework/Versions/A/UIIntelligenceSupport
0x000000023cad8000 	/System/Library/Frameworks/SwiftUICore.framework/Versions/A/SwiftUICore
0x000000028c921000 	/System/Library/PrivateFrameworks/WritingTools.framework/Versions/A/WritingTools
0x000000028b72a000 	/System/Library/PrivateFrameworks/WindowManagement.framework/Versions/A/WindowManagement
0x0000000251a0b000 	/System/Library/PrivateFrameworks/FocusEngine.framework/Versions/A/FocusEngine
0x000000024f42d000 	/System/Library/PrivateFrameworks/DesignLibrary.framework/Versions/A/DesignLibrary
0x000000019d427000 	/System/Library/PrivateFrameworks/DFRFoundation.framework/Versions/A/DFRFoundation
0x0000000286cfc000 	/System/Library/PrivateFrameworks/UpdateCycle.framework/Versions/A/UpdateCycle
0x000000019d12b000 	/System/Library/Frameworks/Carbon.framework/Versions/A/Frameworks/HIToolbox.framework/Versions/A/HIToolbox
0x00000001a83fd000 	/System/Library/Frameworks/Carbon.framework/Versions/A/Frameworks/SpeechRecognition.framework/Versions/A/SpeechRecognition
0x000000019ab59000 	/System/Library/PrivateFrameworks/PerformanceAnalysis.framework/Versions/A/PerformanceAnalysis
0x00000001a878c000 	/System/Library/Frameworks/Accessibility.framework/Versions/A/Accessibility
0x000000023da35000 	/System/Library/Frameworks/Symbols.framework/Versions/A/Symbols
0x000000025aebc000 	/System/Library/PrivateFrameworks/Gestures.framework/Versions/A/Gestures
0x0000000294359000 	/usr/lib/swift/libswiftSpatial.dylib
0x00000001ba415000 	/usr/lib/swift/libswiftCoreGraphics.dylib
0x00000001a91cf000 	/usr/lib/swift/libswiftFoundation.dylib
0x00000001f4726000 	/usr/lib/swift/libswiftSwiftOnoneSupport.dylib
0x00000002945df000 	/usr/lib/swift/libswiftsys_time.dylib
0x00000001df525000 	/System/Library/PrivateFrameworks/CoreMaterial.framework/Versions/A/CoreMaterial
0x0000000292ac9000 	/usr/lib/libSpatial.dylib
0x00000002924ea000 	/System/Library/SubFrameworks/UIUtilities.framework/Versions/A/UIUtilities
0x00000001ac2d9000 	/System/Library/PrivateFrameworks/CoreWiFi.framework/Versions/A/CoreWiFi
0x00000001aae4e000 	/System/Library/PrivateFrameworks/Rapport.framework/Versions/A/Rapport
0x0000000198433000 	/System/Library/Frameworks/Accounts.framework/Versions/A/Accounts
0x00000001bc335000 	/System/Library/Frameworks/AVFoundation.framework/Versions/A/AVFoundation
0x00000001a2b0a000 	/System/Library/PrivateFrameworks/InternationalSupport.framework/Versions/A/InternationalSupport
0x00000001acece000 	/System/Library/Frameworks/ApplicationServices.framework/Versions/A/ApplicationServices
0x00000001a432c000 	/System/Library/Frameworks/ApplicationServices.framework/Versions/A/Frameworks/ATS.framework/Versions/A/ATS
0x00000001979ec000 	/System/Library/Frameworks/ApplicationServices.framework/Versions/A/Frameworks/HIServices.framework/Versions/A/HIServices
0x00000001a2a00000 	/System/Library/Frameworks/ApplicationServices.framework/Versions/A/Frameworks/PrintCore.framework/Versions/A/PrintCore
0x00000001a46de000 	/System/Library/Frameworks/ApplicationServices.framework/Versions/A/Frameworks/QD.framework/Versions/A/QD
0x00000001a46d9000 	/System/Library/Frameworks/ApplicationServices.framework/Versions/A/Frameworks/ColorSyncLegacy.framework/Versions/A/ColorSyncLegacy
0x00000001a42fe000 	/System/Library/Frameworks/ApplicationServices.framework/Versions/A/Frameworks/SpeechSynthesis.framework/Versions/A/SpeechSynthesis
0x000000023e9b6000 	/System/Library/Frameworks/_LocationEssentials.framework/Versions/A/_LocationEssentials
0x00000001a65bb000 	/System/Library/PrivateFrameworks/GeoServices.framework/Versions/A/GeoServices
0x00000001a3ffe000 	/System/Library/PrivateFrameworks/LocationSupport.framework/Versions/A/LocationSupport
0x00000001a9877000 	/System/Library/Frameworks/CoreBluetooth.framework/Versions/A/CoreBluetooth
0x000000025ad0e000 	/System/Library/PrivateFrameworks/GeoServicesCore.framework/Versions/A/GeoServicesCore
0x00000001b6315000 	/System/Library/PrivateFrameworks/PhoneNumbers.framework/Versions/A/PhoneNumbers
0x00000001a1b6a000 	/System/Library/PrivateFrameworks/IconServices.framework/Versions/A/IconServices
0x00000001a1b09000 	/System/Library/PrivateFrameworks/IconFoundation.framework/Versions/A/IconFoundation
0x000000025e08e000 	/System/Library/PrivateFrameworks/IconRendering.framework/Versions/A/IconRendering
0x000000019a89d000 	/System/Library/PrivateFrameworks/CoreUI.framework/Versions/A/CoreUI
0x0000000275065000 	/System/Library/PrivateFrameworks/SFSymbols.framework/Versions/A/SFSymbols
0x00000002372f4000 	/System/Library/Frameworks/DeveloperToolsSupport.framework/Versions/A/DeveloperToolsSupport
0x00000001b46e4000 	/System/Library/PrivateFrameworks/RenderBox.framework/Versions/A/RenderBox
0x000000019d442000 	/System/Library/PrivateFrameworks/CoreSVG.framework/Versions/A/CoreSVG
0x00000001a2a73000 	/System/Library/PrivateFrameworks/TextureIO.framework/Versions/A/TextureIO
0x00000001bd5cc000 	/usr/lib/swift/libswiftCoreImage.dylib
0x00000001a29bb000 	/System/Library/Frameworks/ApplicationServices.framework/Versions/A/Frameworks/ATSUI.framework/Versions/A/ATSUI
0x000000019ff08000 	/System/Library/Frameworks/UserNotifications.framework/Versions/A/UserNotifications
0x00000001c2f4a000 	/System/Library/PrivateFrameworks/SiriInstrumentation.framework/Versions/A/SiriInstrumentation
0x0000000277522000 	/System/Library/PrivateFrameworks/SiriAnalytics.framework/Versions/A/SiriAnalytics
0x00000001c06de000 	/System/Library/PrivateFrameworks/FeedbackLogger.framework/Versions/A/FeedbackLogger
0x00000001daee1000 	/usr/lib/swift/libswiftAVFoundation.dylib
0x00000002864e3000 	/System/Library/PrivateFrameworks/UnifiedAssetFramework.framework/Versions/A/UnifiedAssetFramework
0x000000019f144000 	/System/Library/PrivateFrameworks/CoreUtils.framework/Versions/A/CoreUtils
0x000000024ebe2000 	/System/Library/PrivateFrameworks/CoreUtilsExtras.framework/Versions/A/CoreUtilsExtras
0x000000025dfe3000 	/System/Library/PrivateFrameworks/IO80211.framework/Versions/A/IO80211
0x00000001a6215000 	/System/Library/Frameworks/IOBluetooth.framework/Versions/A/IOBluetooth
0x00000002942b6000 	/usr/lib/swift/libswiftRegexBuilder.dylib
0x00000001a1884000 	/usr/lib/libIOReport.dylib
0x00000001eb7de000 	/System/Library/PrivateFrameworks/WiFiPeerToPeer.framework/Versions/A/WiFiPeerToPeer
0x00000002472a6000 	/System/Library/PrivateFrameworks/Centauri.framework/Versions/A/Centauri
0x0000000293a35000 	/usr/lib/libmrc.dylib
0x000000025e04e000 	/System/Library/PrivateFrameworks/IPConfiguration.framework/Versions/A/IPConfiguration
0x00000001df4e7000 	/System/Library/PrivateFrameworks/Netrb.framework/Versions/A/Netrb
0x00000001aa7f5000 	/System/Library/PrivateFrameworks/FrontBoardServices.framework/Versions/A/FrontBoardServices
0x00000001ad49f000 	/System/Library/Frameworks/AudioUnit.framework/Versions/A/AudioUnit
0x0000000235935000 	/System/Library/Frameworks/AVFAudio.framework/Versions/A/AVFAudio
0x0000000235a79000 	/System/Library/Frameworks/AVRouting.framework/Versions/A/AVRouting
0x00000001b642d000 	/usr/lib/libAccessibility.dylib
0x0000000261e9c000 	/System/Library/PrivateFrameworks/IsolatedCoreAudioClient.framework/Versions/A/IsolatedCoreAudioClient
0x000000024aa38000 	/System/Library/PrivateFrameworks/CoreAudioOrchestration.framework/Versions/A/CoreAudioOrchestration
0x00000001a2ed7000 	/System/Library/Frameworks/MediaToolbox.framework/Versions/A/MediaToolbox
0x00000001a9ba6000 	/System/Library/PrivateFrameworks/CoreAVCHD.framework/Versions/A/CoreAVCHD
0x00000001a8adc000 	/System/Library/Frameworks/MediaAccessibility.framework/Versions/A/MediaAccessibility
0x00000001a9ba2000 	/System/Library/PrivateFrameworks/Mangrove.framework/Versions/A/Mangrove
0x00000002468e4000 	/System/Library/PrivateFrameworks/CMPhoto.framework/Versions/A/CMPhoto
0x00000001aa36a000 	/System/Library/Frameworks/CoreTelephony.framework/Versions/A/CoreTelephony
0x00000001a9b95000 	/System/Library/PrivateFrameworks/CoreAUC.framework/Versions/A/CoreAUC
0x0000000243ad7000 	/System/Library/PrivateFrameworks/AppleJPEGXL.framework/Versions/A/AppleJPEGXL
0x00000001a48fe000 	/usr/lib/libTelephonyUtilDynamic.dylib
0x00000001e637d000 	/System/Library/Frameworks/CryptoKit.framework/Versions/A/CryptoKit
0x00000001ad49a000 	/System/Library/PrivateFrameworks/CryptoKitCBridging.framework/Versions/A/CryptoKitCBridging
0x00000001aa9ae000 	/System/Library/Frameworks/CryptoTokenKit.framework/Versions/A/CryptoTokenKit
0x000000024f3bd000 	/System/Library/PrivateFrameworks/Dendrite.framework/Versions/A/Dendrite
0x00000001bd0f2000 	/System/Library/Frameworks/NaturalLanguage.framework/Versions/A/NaturalLanguage
0x000000025aa1a000 	/System/Library/PrivateFrameworks/GenerativeModels.framework/Versions/A/GenerativeModels
0x00000001eb766000 	/usr/lib/swift/libswiftNaturalLanguage.dylib
0x00000001ad629000 	/System/Library/PrivateFrameworks/Espresso.framework/Versions/A/Espresso
0x000000019b2f0000 	/System/Library/Frameworks/CoreML.framework/Versions/A/CoreML
0x00000001e9626000 	/usr/lib/libedit.3.dylib
0x0000000232744000 	/System/Library/PrivateFrameworks/ANECompiler.framework/Versions/A/ANECompiler
0x00000001af6f7000 	/System/Library/PrivateFrameworks/AppleNeuralEngine.framework/Versions/A/AppleNeuralEngine
0x00000002396c4000 	/System/Library/Frameworks/MetalPerformanceShadersGraph.framework/Versions/A/MetalPerformanceShadersGraph
0x0000000263d38000 	/System/Library/PrivateFrameworks/MLCompilerServices.framework/Versions/A/MLCompilerServices
0x00000001ae47b000 	/System/Library/PrivateFrameworks/ANEServices.framework/Versions/A/ANEServices
0x00000001c2780000 	/usr/lib/libncurses.5.4.dylib
0x00000001947a9000 	/usr/lib/libsandbox.1.dylib
0x00000001a1a25000 	/usr/lib/libMatch.1.dylib
0x000000026d44b000 	/System/Library/PrivateFrameworks/ODIE.framework/Versions/A/ODIE
0x00000002669c5000 	/System/Library/PrivateFrameworks/MLModelAsset.framework/Versions/A/MLModelAsset
0x0000000263cde000 	/System/Library/PrivateFrameworks/MLCompilerRuntime.framework/Versions/A/MLCompilerRuntime
0x000000019f70b000 	/System/Library/Frameworks/MLCompute.framework/Versions/A/MLCompute
0x0000000263c60000 	/System/Library/PrivateFrameworks/MLAssetIO.framework/Versions/A/MLAssetIO
0x0000000294288000 	/usr/lib/swift/libswiftMLCompute.dylib
0x00000001aa585000 	/System/Library/PrivateFrameworks/AVFCore.framework/Versions/A/AVFCore
0x00000001b3d36000 	/System/Library/PrivateFrameworks/AVFCapture.framework/Versions/A/AVFCapture
0x00000002466db000 	/System/Library/PrivateFrameworks/CMImaging.framework/Versions/A/CMImaging
0x00000001b3f78000 	/System/Library/PrivateFrameworks/Quagga.framework/Versions/A/Quagga
0x00000001b40a9000 	/System/Library/PrivateFrameworks/CMCapture.framework/Versions/A/CMCapture
0x00000001a4489000 	/System/Library/Frameworks/CoreMediaIO.framework/Versions/A/CoreMediaIO
0x0000000246616000 	/System/Library/PrivateFrameworks/CMCaptureDevice.framework/Versions/A/CMCaptureDevice
0x00000001a1e61000 	/System/Library/PrivateFrameworks/CoreBrightness.framework/Versions/A/CoreBrightness
0x000000024779c000 	/System/Library/PrivateFrameworks/CinematicFraming.framework/Versions/A/CinematicFraming
0x0000000269a98000 	/System/Library/PrivateFrameworks/ModelManagerServices.framework/Versions/A/ModelManagerServices
0x00000001d7f56000 	/System/Library/PrivateFrameworks/CPMS.framework/Versions/A/CPMS
0x00000002813f9000 	/System/Library/PrivateFrameworks/SystemStatus.framework/Versions/A/SystemStatus
0x00000001bbf33000 	/System/Library/Frameworks/CoreMotion.framework/Versions/A/CoreMotion
0x00000001cc496000 	/System/Library/PrivateFrameworks/TimeSync.framework/Versions/A/TimeSync
0x000000024fd6e000 	/System/Library/PrivateFrameworks/DistributedSensing.framework/Versions/A/DistributedSensing
0x00000001c78b0000 	/System/Library/PrivateFrameworks/MobileBluetooth.framework/Versions/A/MobileBluetooth
0x00000001ce152000 	/System/Library/PrivateFrameworks/IOKitten.framework/Versions/A/IOKitten
0x00000002634ab000 	/System/Library/PrivateFrameworks/LocationLogEncryption.framework/Versions/A/LocationLogEncryption
0x0000000243955000 	/System/Library/PrivateFrameworks/AppleIntelligenceReporting.framework/Versions/A/AppleIntelligenceReporting
0x000000019f053000 	/System/Library/PrivateFrameworks/CoreEmoji.framework/Versions/A/CoreEmoji
0x0000000192be6000 	/System/Library/PrivateFrameworks/LanguageModeling.framework/Versions/A/LanguageModeling
0x0000000197b55000 	/System/Library/PrivateFrameworks/Montreal.framework/Versions/A/Montreal
0x00000001a01bc000 	/usr/lib/libcmph.dylib
0x000000025aafd000 	/System/Library/PrivateFrameworks/GenerativeModelsFoundation.framework/Versions/A/GenerativeModelsFoundation
0x00000002841c2000 	/System/Library/PrivateFrameworks/TokenGeneration.framework/Versions/A/TokenGeneration
0x000000025a8d0000 	/System/Library/PrivateFrameworks/GenerativeFunctions.framework/Versions/A/GenerativeFunctions
0x000000025a91e000 	/System/Library/PrivateFrameworks/GenerativeFunctionsFoundation.framework/Versions/A/GenerativeFunctionsFoundation
0x000000026975d000 	/System/Library/PrivateFrameworks/ModelCatalog.framework/Versions/A/ModelCatalog
0x0000000276740000 	/System/Library/PrivateFrameworks/SensitiveContentAnalysisML.framework/Versions/A/SensitiveContentAnalysisML
0x000000025a9b4000 	/System/Library/PrivateFrameworks/GenerativeFunctionsInstrumentation.framework/Versions/A/GenerativeFunctionsInstrumentation
0x00000002735e3000 	/System/Library/PrivateFrameworks/PromptKit.framework/Versions/A/PromptKit
0x000000027301c000 	/System/Library/PrivateFrameworks/ProactiveDaemonSupport.framework/Versions/A/ProactiveDaemonSupport
0x00000002843fa000 	/System/Library/PrivateFrameworks/TokenGenerationCore.framework/Versions/A/TokenGenerationCore
0x00000001bdfbb000 	/System/Library/PrivateFrameworks/Trial.framework/Versions/A/Trial
0x00000001bdf3c000 	/System/Library/PrivateFrameworks/TrialProto.framework/Versions/A/TrialProto
0x0000000243582000 	/System/Library/PrivateFrameworks/AppleFlatBuffers.framework/Versions/A/AppleFlatBuffers
0x0000000276a10000 	/System/Library/PrivateFrameworks/SentencePieceInternal.framework/Versions/A/SentencePieceInternal
0x00000001a8b35000 	/System/Library/Frameworks/Vision.framework/Versions/A/Vision
0x000000024e8db000 	/System/Library/PrivateFrameworks/CoreSceneUnderstanding.framework/Versions/A/CoreSceneUnderstanding
0x0000000288fcc000 	/System/Library/PrivateFrameworks/VisionCore.framework/Versions/A/VisionCore
0x00000001a2e14000 	/System/Library/PrivateFrameworks/DataDetectorsCore.framework/Versions/A/DataDetectorsCore
0x00000001c683f000 	/System/Library/Frameworks/Vision.framework/libfaceCore.dylib
0x00000001c7359000 	/System/Library/PrivateFrameworks/Futhark.framework/Versions/A/Futhark
0x00000001cb280000 	/System/Library/PrivateFrameworks/InertiaCam.framework/Versions/A/InertiaCam
0x00000001c70e6000 	/System/Library/PrivateFrameworks/TextRecognition.framework/Versions/A/TextRecognition
0x00000002372dd000 	/System/Library/Frameworks/DataDetection.framework/Versions/A/DataDetection
0x00000001c132a000 	/System/Library/PrivateFrameworks/TextInput.framework/Versions/A/TextInput
0x00000001a18c2000 	/System/Library/PrivateFrameworks/CVNLP.framework/Versions/A/CVNLP
0x0000000236dc2000 	/System/Library/Frameworks/CoreTransferable.framework/Versions/A/CoreTransferable
0x0000000195f29000 	/System/Library/PrivateFrameworks/UIFoundation.framework/Versions/A/UIFoundation
0x00000001a466d000 	/usr/lib/libcups.2.dylib
0x00000001b6321000 	/System/Library/PrivateFrameworks/AXCoreUtilities.framework/Versions/A/AXCoreUtilities
0x00000001c668a000 	/System/Library/PrivateFrameworks/AttributeGraph.framework/Versions/A/AttributeGraph
0x00000002925cd000 	/usr/lib/libAXSafeCategoryBundle.dylib
0x000000023da4f000 	/System/Library/Frameworks/TabularData.framework/Versions/A/TabularData
0x00000002447f8000 	/System/Library/PrivateFrameworks/ArgumentParserInternal.framework/Versions/A/ArgumentParserInternal
0x000000010b6a4000 	/Users/nathanspencer/Desktop/code/nstk/.venv/lib/python3.14/site-packages/jdk4py/java-runtime/lib/server/libjvm.dylib
0x000000010a4f4000 	/Users/nathanspencer/Desktop/code/nstk/.venv/lib/python3.14/site-packages/jdk4py/java-runtime/lib/libjimage.dylib
0x000000010a5b4000 	/Users/nathanspencer/Desktop/code/nstk/.venv/lib/python3.14/site-packages/jdk4py/java-runtime/lib/libjava.dylib
0x000000010b664000 	/Users/nathanspencer/Desktop/code/nstk/.venv/lib/python3.14/site-packages/jdk4py/java-runtime/lib/libnio.dylib
0x000000010b684000 	/Users/nathanspencer/Desktop/code/nstk/.venv/lib/python3.14/site-packages/jdk4py/java-runtime/lib/libnet.dylib
0x000000010f908000 	/Users/nathanspencer/Desktop/code/nstk/.venv/lib/python3.14/site-packages/jdk4py/java-runtime/lib/libzip.dylib
0x000000010a508000 	/Library/Frameworks/Python.framework/Versions/3.14/lib/python3.14/lib-dynload/_scproxy.cpython-314-darwin.so
0x000000010fcb0000 	/Users/nathanspencer/Desktop/code/nstk/.venv/lib/python3.14/site-packages/pyproj/_context.cpython-314-darwin.so
0x00000001262f4000 	/Users/nathanspencer/Desktop/code/nstk/.venv/lib/python3.14/site-packages/pyproj/.dylibs/libproj.25.9.5.1.dylib
0x000000010fd58000 	/Users/nathanspencer/Desktop/code/nstk/.venv/lib/python3.14/site-packages/pyproj/.dylibs/libtiff.6.dylib
0x000000010fe80000 	/Users/nathanspencer/Desktop/code/nstk/.venv/lib/python3.14/site-packages/pyproj/.dylibs/libzstd.1.5.7.dylib
0x000000010fcd4000 	/Users/nathanspencer/Desktop/code/nstk/.venv/lib/python3.14/site-packages/pyproj/.dylibs/liblzma.5.dylib
0x000000010ff28000 	/Users/nathanspencer/Desktop/code/nstk/.venv/lib/python3.14/site-packages/pyproj/.dylibs/libjpeg.8.3.2.dylib
0x000000010a584000 	/Library/Frameworks/Python.framework/Versions/3.14/lib/python3.14/lib-dynload/array.cpython-314-darwin.so
0x000000010fd20000 	/Users/nathanspencer/Desktop/code/nstk/.venv/lib/python3.14/site-packages/pyproj/_compat.cpython-314-darwin.so
0x000000010fd3c000 	/Users/nathanspencer/Desktop/code/nstk/.venv/lib/python3.14/site-packages/pyproj/_network.cpython-314-darwin.so
0x000000010fddc000 	/Users/nathanspencer/Desktop/code/nstk/.venv/lib/python3.14/site-packages/pyproj/_version.cpython-314-darwin.so
0x000000010ff9c000 	/Users/nathanspencer/Desktop/code/nstk/.venv/lib/python3.14/site-packages/pyproj/_crs.cpython-314-darwin.so
0x000000010fe20000 	/Users/nathanspencer/Desktop/code/nstk/.venv/lib/python3.14/site-packages/pyproj/_geod.cpython-314-darwin.so
0x000000010fdf0000 	/Users/nathanspencer/Desktop/code/nstk/.venv/lib/python3.14/site-packages/pyproj/list.cpython-314-darwin.so
0x0000000110018000 	/Users/nathanspencer/Desktop/code/nstk/.venv/lib/python3.14/site-packages/pyproj/database.cpython-314-darwin.so
0x000000011007c000 	/Users/nathanspencer/Desktop/code/nstk/.venv/lib/python3.14/site-packages/pyproj/_transformer.cpython-314-darwin.so
0x000000010fe50000 	/Users/nathanspencer/Desktop/code/nstk/.venv/lib/python3.14/site-packages/pyproj/_sync.cpython-314-darwin.so
0x00000001101fc000 	/Users/nathanspencer/Desktop/code/nstk/.venv/lib/python3.14/site-packages/shapely/lib.cpython-314-darwin.so
0x0000000110298000 	/Users/nathanspencer/Desktop/code/nstk/.venv/lib/python3.14/site-packages/shapely/.dylibs/libgeos_c.1.19.2.dylib
0x0000000126a48000 	/Users/nathanspencer/Desktop/code/nstk/.venv/lib/python3.14/site-packages/shapely/.dylibs/libgeos.3.13.1.dylib
0x00000001267a8000 	/Users/nathanspencer/Desktop/code/nstk/.venv/lib/python3.14/site-packages/shapely/_geometry_helpers.cpython-314-darwin.so
0x0000000110240000 	/Users/nathanspencer/Desktop/code/nstk/.venv/lib/python3.14/site-packages/shapely/_geos.cpython-314-darwin.so
0x000000012672c000 	/Users/nathanspencer/Desktop/code/nstk/.venv/lib/python3.14/site-packages/cartopy/trace.cpython-314-darwin.so
0x000000010fd04000 	/Library/Frameworks/Python.framework/Versions/3.14/lib/python3.14/lib-dynload/_interpreters.cpython-314-darwin.so
0x00000001101d8000 	/Library/Frameworks/Python.framework/Versions/3.14/lib/python3.14/lib-dynload/_asyncio.cpython-314-darwin.so
0x00000001269a4000 	/Users/nathanspencer/Desktop/code/nstk/.venv/lib/python3.14/site-packages/matplotlib/_c_internal_utils.cpython-314-darwin.so
0x00000001322d0000 	/Users/nathanspencer/Desktop/code/nstk/.venv/lib/python3.14/site-packages/PIL/_imaging.cpython-314-darwin.so
0x000000013241c000 	/Users/nathanspencer/Desktop/code/nstk/.venv/lib/python3.14/site-packages/PIL/.dylibs/libtiff.6.dylib
0x00000001324dc000 	/Users/nathanspencer/Desktop/code/nstk/.venv/lib/python3.14/site-packages/PIL/.dylibs/libjpeg.62.4.0.dylib
0x000000013257c000 	/Users/nathanspencer/Desktop/code/nstk/.venv/lib/python3.14/site-packages/PIL/.dylibs/libopenjp2.2.5.4.dylib
0x00000001269d0000 	/Users/nathanspencer/Desktop/code/nstk/.venv/lib/python3.14/site-packages/PIL/.dylibs/libz.1.3.1.zlib-ng.dylib
0x0000000126f64000 	/Users/nathanspencer/Desktop/code/nstk/.venv/lib/python3.14/site-packages/PIL/.dylibs/libxcb.1.1.0.dylib
0x000000013235c000 	/Users/nathanspencer/Desktop/code/nstk/.venv/lib/python3.14/site-packages/PIL/.dylibs/liblzma.5.dylib
0x000000010fe68000 	/Users/nathanspencer/Desktop/code/nstk/.venv/lib/python3.14/site-packages/PIL/.dylibs/libXau.6.dylib
0x0000000132820000 	/Users/nathanspencer/Desktop/code/nstk/.venv/lib/python3.14/site-packages/matplotlib/_path.cpython-314-darwin.so
0x000000013287c000 	/Users/nathanspencer/Desktop/code/nstk/.venv/lib/python3.14/site-packages/matplotlib/_image.cpython-314-darwin.so
0x0000000132ce0000 	/Users/nathanspencer/Desktop/code/nstk/.venv/lib/python3.14/site-packages/matplotlib/ft2font.cpython-314-darwin.so
0x0000000126fa8000 	/Users/nathanspencer/Desktop/code/nstk/.venv/lib/python3.14/site-packages/kiwisolver/_cext.cpython-314-darwin.so
0x0000000110268000 	/Users/nathanspencer/Desktop/code/nstk/.venv/lib/python3.14/site-packages/matplotlib/backends/_macosx.cpython-314-darwin.so
0x0000000133760000 	/Users/nathanspencer/Desktop/code/nstk/.venv/lib/python3.14/site-packages/matplotlib/backends/_backend_agg.cpython-314-darwin.so
0x0000000235be4000 	/System/Library/Frameworks/AppIntents.framework/Versions/A/AppIntents
0x000000023c1a7000 	/System/Library/Frameworks/RelevanceKit.framework/Versions/A/RelevanceKit
0x000000019ff59000 	/System/Library/Frameworks/CoreSpotlight.framework/Versions/A/CoreSpotlight
0x0000000263027000 	/System/Library/PrivateFrameworks/LinkServices.framework/Versions/A/LinkServices
0x00000001a9494000 	/System/Library/Frameworks/Contacts.framework/Versions/A/Contacts
0x0000000242221000 	/System/Library/PrivateFrameworks/AppIntentsTypeSupport.framework/Versions/A/AppIntentsTypeSupport
0x000000024fe6a000 	/System/Library/PrivateFrameworks/DoNotDisturb.framework/Versions/A/DoNotDisturb
0x0000000262e75000 	/System/Library/PrivateFrameworks/LinkMetadata.framework/Versions/A/LinkMetadata
0x00000001bd573000 	/usr/lib/swift/libswiftIntents.dylib
0x00000001c28da000 	/System/Library/PrivateFrameworks/IntentsCore.framework/Versions/A/IntentsCore
0x0000000245108000 	/System/Library/PrivateFrameworks/AvailabilityKit.framework/Versions/A/AvailabilityKit
0x0000000241e04000 	/System/Library/PrivateFrameworks/AppIntentSchemas.framework/Versions/A/AppIntentSchemas
0x0000000237d37000 	/System/Library/Frameworks/GeoToolbox.framework/Versions/A/GeoToolbox
0x0000000257806000 	/System/Library/PrivateFrameworks/GRDBInternal.framework/Versions/A/GRDBInternal
0x000000027fc94000 	/System/Library/PrivateFrameworks/StatusKit.framework/Versions/A/StatusKit
0x00000001a92ab000 	/System/Library/PrivateFrameworks/ContactsPersistence.framework/Versions/A/ContactsPersistence
0x00000001a8401000 	/System/Library/PrivateFrameworks/AppleLDAP.framework/Versions/A/AppleLDAP
0x00000001aced2000 	/System/Library/Frameworks/ClassKit.framework/Versions/A/ClassKit
0x00000001af175000 	/System/Library/PrivateFrameworks/CoreSuggestions.framework/Versions/A/CoreSuggestions
0x00000001a91d0000 	/System/Library/PrivateFrameworks/ContactsFoundation.framework/Versions/A/ContactsFoundation
0x00000001aa95c000 	/System/Library/PrivateFrameworks/vCard.framework/Versions/A/vCard
0x0000000248bea000 	/System/Library/PrivateFrameworks/ContactsMetrics.framework/Versions/A/ContactsMetrics
0x00000001a1e3d000 	/System/Library/PrivateFrameworks/login.framework/Versions/A/login
0x0000000267450000 	/System/Library/PrivateFrameworks/ManagedOrganizationContacts.framework/Versions/A/ManagedOrganizationContacts
0x000000019b21d000 	/System/Library/PrivateFrameworks/CloudDocs.framework/Versions/A/CloudDocs
0x00000001b5cd5000 	/System/Library/PrivateFrameworks/ProactiveEventTracker.framework/Versions/A/ProactiveEventTracker
0x00000001b53cc000 	/System/Library/PrivateFrameworks/CloudServices.framework/Versions/A/CloudServices
0x00000001a9dd1000 	/System/Library/PrivateFrameworks/OctagonTrust.framework/Versions/A/OctagonTrust
0x00000001a99c1000 	/System/Library/PrivateFrameworks/AppleIDAuthSupport.framework/Versions/A/AppleIDAuthSupport
0x00000001a48ab000 	/System/Library/PrivateFrameworks/KeychainCircle.framework/Versions/A/KeychainCircle
0x000000019fb87000 	/System/Library/PrivateFrameworks/AuthKit.framework/Versions/A/AuthKit
0x000000023f2d6000 	/System/Library/PrivateFrameworks/AAAFoundation.framework/Versions/A/AAAFoundation
0x00000001a43a4000 	/System/Library/PrivateFrameworks/MultiverseSupport.framework/Versions/A/MultiverseSupport
0x00000001a9ab2000 	/System/Library/PrivateFrameworks/DiskManagement.framework/Versions/A/DiskManagement
0x00000001b6317000 	/System/Library/PrivateFrameworks/URLFormatting.framework/Versions/A/URLFormatting
0x00000001bcfd0000 	/System/Library/PrivateFrameworks/FTServices.framework/Versions/A/FTServices
0x000000019c6d3000 	/System/Library/Frameworks/CoreLocation.framework/Versions/A/CoreLocation
0x00000001abc5f000 	/System/Library/Frameworks/Intents.framework/Versions/A/Intents
0x00000001c3e56000 	/usr/lib/swift/libswiftCoreLocation.dylib
0x00000001a5e0c000 	/System/Library/PrivateFrameworks/Sharing.framework/Versions/A/Sharing
0x00000001a57a0000 	/System/Library/PrivateFrameworks/IDSFoundation.framework/Versions/A/IDSFoundation
0x00000001ac2d8000 	/System/Library/PrivateFrameworks/Apple80211.framework/Versions/A/Apple80211
0x000000019f0c1000 	/System/Library/Frameworks/CoreWLAN.framework/Versions/A/CoreWLAN
0x00000001a3f85000 	/System/Library/PrivateFrameworks/IMFoundation.framework/Versions/A/IMFoundation
0x00000001b5736000 	/System/Library/PrivateFrameworks/Marco.framework/Versions/A/Marco
0x00000001984be000 	/System/Library/PrivateFrameworks/CommonUtilities.framework/Versions/A/CommonUtilities
0x00000001b2155000 	/System/Library/PrivateFrameworks/Engram.framework/Versions/A/Engram
0x000000028ce28000 	/System/Library/PrivateFrameworks/XPCDistributed.framework/Versions/A/XPCDistributed
0x00000001b20f3000 	/usr/lib/libtidy.A.dylib
0x00000001a2090000 	/System/Library/PrivateFrameworks/Bom.framework/Versions/A/Bom
0x00000001a43b1000 	/usr/lib/libParallelCompression.dylib
0x00000001a557b000 	/System/Library/PrivateFrameworks/IDS.framework/Versions/A/IDS
0x00000001aaa30000 	/System/Library/Frameworks/LocalAuthentication.framework/Versions/A/LocalAuthentication
0x0000000263260000 	/System/Library/PrivateFrameworks/LocalAuthenticationCore.framework/Versions/A/LocalAuthenticationCore
0x0000000263426000 	/System/Library/PrivateFrameworks/LocalAuthenticationCredentialServices.framework/Versions/A/LocalAuthenticationCredentialServices
0x00000001aaa9d000 	/System/Library/Frameworks/LocalAuthentication.framework/Support/SharedUtils.framework/Versions/A/SharedUtils
0x00000001acb28000 	/usr/lib/libcsfde.dylib
0x00000001a1a2d000 	/usr/lib/libCoreStorage.dylib
0x00000001a62eb000 	/System/Library/PrivateFrameworks/ProtectedCloudStorage.framework/Versions/A/ProtectedCloudStorage
0x00000001acb23000 	/System/Library/PrivateFrameworks/EFILogin.framework/Versions/A/EFILogin
0x0000000244ab3000 	/System/Library/PrivateFrameworks/AsyncAlgorithmsInternal.framework/Versions/A/AsyncAlgorithmsInternal
0x00000001cbf0a000 	/System/Library/PrivateFrameworks/FTAWD.framework/Versions/A/FTAWD
0x00000001ad563000 	/System/Library/PrivateFrameworks/IntentsFoundation.framework/Versions/A/IntentsFoundation
0x000000019ad8a000 	/System/Library/PrivateFrameworks/ApplePushService.framework/Versions/A/ApplePushService
0x000000019adf5000 	/System/Library/Frameworks/CloudKit.framework/Versions/A/CloudKit
0x00000001d3f28000 	/System/Library/PrivateFrameworks/DeviceIdentity.framework/Versions/A/DeviceIdentity
0x000000023c631000 	/System/Library/Frameworks/SharedWithYouCore.framework/Versions/A/SharedWithYouCore
0x0000000248079000 	/System/Library/PrivateFrameworks/CloudTelemetry.framework/Versions/A/CloudTelemetry
0x00000001acf9a000 	/System/Library/PrivateFrameworks/AppleAccount.framework/Versions/A/AppleAccount
0x00000001a485c000 	/System/Library/PrivateFrameworks/CacheDelete.framework/Versions/A/CacheDelete
0x00000001ad57e000 	/System/Library/PrivateFrameworks/C2.framework/Versions/A/C2
0x0000000247ccd000 	/System/Library/PrivateFrameworks/CloudCoreInternal.framework/Versions/A/CloudCoreInternal
0x0000000247a38000 	/System/Library/PrivateFrameworks/CloudAsset.framework/Versions/A/CloudAsset
0x00000001ad574000 	/System/Library/Frameworks/PushKit.framework/Versions/A/PushKit
0x00000001a9bd4000 	/System/Library/Frameworks/FileProvider.framework/Versions/A/FileProvider
0x00000001a9daa000 	/System/Library/PrivateFrameworks/GenerationalStorage.framework/Versions/A/GenerationalStorage
0x00000001960f9000 	/System/Library/PrivateFrameworks/DesktopServicesPriv.framework/Versions/A/DesktopServicesPriv
0x000000024809e000 	/System/Library/PrivateFrameworks/CloudTelemetryTools.framework/Versions/A/CloudTelemetryTools
0x000000024808f000 	/System/Library/PrivateFrameworks/CloudTelemetryShared.dylib
0x00000001af44c000 	/System/Library/PrivateFrameworks/RTCReporting.framework/Versions/A/RTCReporting
0x000000023f2f3000 	/System/Library/PrivateFrameworks/AAAFoundationSwift.framework/Versions/A/AAAFoundationSwift
0x00000001ad220000 	/System/Library/PrivateFrameworks/AppleIDSSOAuthentication.framework/Versions/A/AppleIDSSOAuthentication
0x00000001ad5db000 	/System/Library/Frameworks/QuickLookThumbnailing.framework/Versions/A/QuickLookThumbnailing
0x000000019aa24000 	/System/Library/PrivateFrameworks/ViewBridge.framework/Versions/A/ViewBridge
0x000000023e8ac000 	/System/Library/Frameworks/_AppIntents_AppKit.framework/Versions/A/_AppIntents_AppKit
0x0000000110284000 	/usr/lib/libobjc-trampolines.dylib
0x00000001c4f40000 	/System/Library/Frameworks/SwiftUI.framework/Versions/A/SwiftUI
0x0000000281ba2000 	/System/Library/PrivateFrameworks/TextAnimationSupport.framework/Versions/A/TextAnimationSupport
0x0000000273ea9000 	/System/Library/PrivateFrameworks/RecapPerformanceTesting.framework/Versions/A/RecapPerformanceTesting
0x00000001bde3c000 	/System/Library/PrivateFrameworks/SignpostCollection.framework/Versions/A/SignpostCollection
0x00000001d15d3000 	/System/Library/PrivateFrameworks/SignpostSupport.framework/Versions/A/SignpostSupport
0x00000001d0c93000 	/System/Library/PrivateFrameworks/ktrace.framework/Versions/A/ktrace
0x00000001da763000 	/System/Library/PrivateFrameworks/kperfdata.framework/Versions/A/kperfdata
0x00000001a64c0000 	/usr/lib/libdscsym.dylib
0x00000001c3e3b000 	/System/Library/Frameworks/Accelerate.framework/Versions/A/Frameworks/vImage.framework/Versions/A/Libraries/libCGInterfaces.dylib
0x00000001c7459000 	/System/Library/CoreServices/RawCamera.bundle/Contents/MacOS/RawCamera
0x00000001d17ca000 	/System/Library/PrivateFrameworks/UIKitServices.framework/Versions/A/UIKitServices
0x0000000138684000 	/System/Library/Extensions/AGXMetalG17G.bundle/Contents/MacOS/AGXMetalG17G
0x00000001b542a000 	/System/Library/PrivateFrameworks/IOGPU.framework/Versions/A/IOGPU
0x00000002925d1000 	/usr/lib/libAccessibilityBaseImplementations.dylib
0x000000028c926000 	/System/Library/PrivateFrameworks/WritingToolsUI.framework/Versions/A/WritingToolsUI
0x000000025a6eb000 	/System/Library/PrivateFrameworks/GenerativeAssistantSettings.framework/Versions/A/GenerativeAssistantSettings
0x0000000281cc6000 	/System/Library/PrivateFrameworks/TextComposer.framework/Versions/A/TextComposer
0x000000025a6be000 	/System/Library/PrivateFrameworks/GenerativeAssistantCommon.framework/Versions/A/GenerativeAssistantCommon
0x0000000241b28000 	/System/Library/PrivateFrameworks/Anvil.framework/Versions/A/Anvil
0x000000025ab73000 	/System/Library/PrivateFrameworks/GenerativePartnerService.framework/Versions/A/GenerativePartnerService
0x000000025ab9e000 	/System/Library/PrivateFrameworks/GenerativePartnerServiceUI.framework/Versions/A/GenerativePartnerServiceUI
0x00000001bd16b000 	/System/Library/Frameworks/SafariServices.framework/Versions/A/SafariServices
0x00000001ba50e000 	/System/Library/Frameworks/WebKit.framework/Versions/A/WebKit
0x000000023e8eb000 	/System/Library/Frameworks/_AuthenticationServices_SwiftUI.framework/Versions/A/_AuthenticationServices_SwiftUI
0x00000001c44bf000 	/System/Library/PrivateFrameworks/AppStoreDaemon.framework/Versions/A/AppStoreDaemon
0x00000001afafb000 	/System/Library/PrivateFrameworks/AppleMediaServices.framework/Versions/A/AppleMediaServices
0x00000001c070d000 	/System/Library/PrivateFrameworks/AppleMediaServicesUI.framework/Versions/A/AppleMediaServicesUI
0x00000001f3c7e000 	/System/Library/PrivateFrameworks/JetEngine.framework/Versions/A/JetEngine
0x00000001bde4c000 	/System/Library/PrivateFrameworks/OnBoardingKit.framework/Versions/A/OnBoardingKit
0x0000000276d46000 	/System/Library/PrivateFrameworks/Settings.framework/Versions/A/Settings
0x00000002375b1000 	/System/Library/Frameworks/ExtensionKit.framework/Versions/A/ExtensionKit
0x00000002375f4000 	/System/Library/Frameworks/FSKit.framework/Versions/A/FSKit
0x00000001af47d000 	/System/Library/Frameworks/WebKit.framework/Versions/A/Frameworks/WebKitLegacy.framework/Versions/A/WebKitLegacy
0x00000001bbf32000 	/System/Library/Frameworks/Carbon.framework/Versions/A/Carbon
0x00000001ad271000 	/System/Library/PrivateFrameworks/CorePrediction.framework/Versions/A/CorePrediction
0x000000019bb2a000 	/System/Library/Frameworks/WebKit.framework/Versions/A/Frameworks/WebCore.framework/Versions/A/Frameworks/libwebrtc.dylib
0x00000001a4419000 	/System/Library/Frameworks/SecurityInterface.framework/Versions/A/SecurityInterface
0x00000001bde4b000 	/System/Library/PrivateFrameworks/WebInspectorUI.framework/Versions/A/WebInspectorUI
0x00000001b2195000 	/System/Library/Frameworks/JavaScriptCore.framework/Versions/A/JavaScriptCore
0x00000001b6464000 	/System/Library/Frameworks/WebKit.framework/Versions/A/Frameworks/WebCore.framework/Versions/A/WebCore
0x00000001b218e000 	/System/Library/Frameworks/Carbon.framework/Versions/A/Frameworks/CommonPanels.framework/Versions/A/CommonPanels
0x00000001acb1f000 	/System/Library/Frameworks/Carbon.framework/Versions/A/Frameworks/Help.framework/Versions/A/Help
0x00000001b2192000 	/System/Library/Frameworks/Carbon.framework/Versions/A/Frameworks/ImageCapture.framework/Versions/A/ImageCapture
0x00000001b216d000 	/System/Library/Frameworks/Carbon.framework/Versions/A/Frameworks/OpenScripting.framework/Versions/A/OpenScripting
0x00000001b218d000 	/System/Library/Frameworks/Carbon.framework/Versions/A/Frameworks/Ink.framework/Versions/A/Ink
0x00000001b218a000 	/System/Library/Frameworks/Carbon.framework/Versions/A/Frameworks/SecurityHI.framework/Versions/A/SecurityHI
0x000000029293d000 	/usr/lib/libInterpreterSecurity.dylib
0x00000001d2b1a000 	/System/Library/PrivateFrameworks/XprotectFramework.framework/Versions/A/XprotectFramework
0x00000001b5737000 	/System/Library/PrivateFrameworks/yara.framework/Versions/A/yara
0x00000002928ba000 	/usr/lib/libEndpointSecuritySystem.dylib
0x00000002366b5000 	/System/Library/Frameworks/BrowserEngineCore.framework/Versions/A/BrowserEngineCore
0x000000023e465000 	/System/Library/Frameworks/WebKit.framework/Versions/A/Frameworks/WebCore.framework/Versions/A/Frameworks/libANGLE-shared.dylib
0x000000028b181000 	/System/Library/PrivateFrameworks/WebGPU.framework/Versions/A/WebGPU
0x00000001bfd88000 	/System/Library/Frameworks/SceneKit.framework/Versions/A/SceneKit
0x00000001d1661000 	/System/Library/Frameworks/ModelIO.framework/Versions/A/ModelIO
0x00000001a63e9000 	/System/Library/Frameworks/MetalKit.framework/Versions/A/MetalKit
0x00000001a870f000 	/System/Library/Frameworks/GLKit.framework/Versions/A/GLKit
0x0000000294931000 	/usr/lib/usd/libusd_ms.dylib
0x00000002863a9000 	/System/Library/PrivateFrameworks/USDLib_FormatLoaderProxy.framework/Versions/A/USDLib_FormatLoaderProxy
0x00000002945da000 	/usr/lib/swift/libswift_errno.dylib
0x00000001bcfb1000 	/System/Library/PrivateFrameworks/CoreOptimization.framework/Versions/A/CoreOptimization
0x0000000244fb5000 	/System/Library/PrivateFrameworks/AuthenticationServicesCore.framework/Versions/A/AuthenticationServicesCore
0x00000001c78f0000 	/System/Library/Frameworks/AuthenticationServices.framework/Versions/A/AuthenticationServices
0x00000001a19c0000 	/System/Library/PrivateFrameworks/SharedWebCredentials.framework/Versions/A/SharedWebCredentials
0x00000001bed15000 	/System/Library/PrivateFrameworks/SafariCore.framework/Versions/A/SafariCore
0x00000001c7402000 	/System/Library/PrivateFrameworks/SafariFoundation.framework/Versions/A/SafariFoundation
0x000000024628c000 	/System/Library/PrivateFrameworks/CBORLibrary.framework/Versions/A/CBORLibrary
0x00000002472eb000 	/System/Library/PrivateFrameworks/Chirp.framework/Versions/A/Chirp
0x0000000247f3c000 	/System/Library/PrivateFrameworks/CloudSubscriptionFeatures.framework/Versions/A/CloudSubscriptionFeatures
0x00000001f50c1000 	/System/Library/PrivateFrameworks/RemoteManagement.framework/Versions/A/RemoteManagement
0x0000000274298000 	/System/Library/PrivateFrameworks/RemoteManagementModel.framework/Versions/A/RemoteManagementModel
0x0000000274329000 	/System/Library/PrivateFrameworks/RemoteManagementStore.framework/Versions/A/RemoteManagementStore
0x00000001a6408000 	/usr/lib/libxcselect.dylib
0x00000001c7371000 	/System/Library/PrivateFrameworks/DifferentialPrivacy.framework/Versions/A/DifferentialPrivacy
0x0000000267456000 	/System/Library/PrivateFrameworks/ManagedSettingsObjC.framework/Versions/A/ManagedSettingsObjC
0x00000001ae65c000 	/System/Library/PrivateFrameworks/ConfigurationProfiles.framework/Versions/A/ConfigurationProfiles
0x00000002634b0000 	/System/Library/PrivateFrameworks/LockdownMode.framework/Versions/A/LockdownMode
0x000000028700e000 	/System/Library/PrivateFrameworks/VDAF.framework/Versions/A/VDAF
0x00000001a8af5000 	/System/Library/PrivateFrameworks/SystemAdministration.framework/Versions/A/SystemAdministration
0x00000001b3c3e000 	/System/Library/PrivateFrameworks/PowerlogControl.framework/Versions/A/PowerlogControl
0x00000001b3c40000 	/usr/lib/libUniversalAccess.dylib
0x00000001b05c5000 	/System/Library/PrivateFrameworks/FamilyControls.framework/Versions/A/FamilyControls
0x00000001a83d5000 	/System/Library/Frameworks/DirectoryService.framework/Versions/A/DirectoryService
0x00000001acbb5000 	/System/Library/PrivateFrameworks/LoginUIKit.framework/Versions/A/Frameworks/LoginUICore.framework/Versions/A/LoginUICore
0x00000001a208e000 	/usr/lib/libodfde.dylib
0x00000001b05bf000 	/System/Library/PrivateFrameworks/UniversalAccess.framework/Versions/A/Libraries/libUAPreferences.dylib
0x00000001b05e7000 	/System/Library/PrivateFrameworks/CommerceKit.framework/Versions/A/Frameworks/CommerceCore.framework/Versions/A/CommerceCore
0x00000001a4453000 	/System/Library/PrivateFrameworks/CoreFollowUp.framework/Versions/A/CoreFollowUp
0x000000024ef1d000 	/System/Library/PrivateFrameworks/DMCUtilities.framework/Versions/A/DMCUtilities
0x000000026353f000 	/System/Library/PrivateFrameworks/MDMClientLibrary.framework/Versions/A/MDMClientLibrary
0x000000027431d000 	/System/Library/PrivateFrameworks/RemoteManagementProtocol.framework/Versions/A/RemoteManagementProtocol
0x000000024ee7f000 	/System/Library/PrivateFrameworks/DEPClientLibrary.framework/Versions/A/DEPClientLibrary
0x000000024eeac000 	/System/Library/PrivateFrameworks/DMCEnrollmentLibrary.framework/Versions/A/DMCEnrollmentLibrary
0x00000001b3d24000 	/System/Library/PrivateFrameworks/SetupAssistantFramework.framework/Versions/A/SetupAssistantFramework
0x00000001ad2c7000 	/System/Library/PrivateFrameworks/AuthKitUI.framework/Versions/A/AuthKitUI
0x00000001acbff000 	/System/Library/PrivateFrameworks/AppSSO.framework/Versions/A/AppSSO
0x00000001c4212000 	/System/Library/PrivateFrameworks/LocalAuthenticationUI.framework/Versions/A/LocalAuthenticationUI
0x0000000271858000 	/System/Library/PrivateFrameworks/PlatformSSO.framework/Versions/A/PlatformSSO
0x0000000271946000 	/System/Library/PrivateFrameworks/PlatformSSOCore.framework/Versions/A/PlatformSSOCore
0x00000002388b0000 	/System/Library/Frameworks/LocalAuthenticationEmbeddedUI.framework/Versions/A/LocalAuthenticationEmbeddedUI
0x00000001c4d0a000 	/System/Library/PrivateFrameworks/AOSUI.framework/Versions/A/AOSUI
0x00000001b5a96000 	/System/Library/Frameworks/ContactsUI.framework/Versions/A/ContactsUI
0x00000001a9751000 	/System/Library/PrivateFrameworks/FamilyCircle.framework/Versions/A/FamilyCircle
0x00000001d2f29000 	/System/Library/Frameworks/LinkPresentation.framework/Versions/A/LinkPresentation
0x00000001b561b000 	/System/Library/PrivateFrameworks/IASUtilities.framework/Versions/A/IASUtilities
0x000000025df18000 	/System/Library/PrivateFrameworks/IASUtilitiesCore.framework/Versions/A/IASUtilitiesCore
0x0000000274392000 	/System/Library/PrivateFrameworks/RemoteUI.framework/Versions/A/RemoteUI
0x00000002627ca000 	/System/Library/PrivateFrameworks/LiftUI.framework/Versions/A/LiftUI
0x000000028cf4d000 	/System/Library/PrivateFrameworks/_IconServices_SwiftUI.framework/Versions/A/_IconServices_SwiftUI
0x0000000247e72000 	/System/Library/PrivateFrameworks/CloudSettings.framework/Versions/A/CloudSettings
0x00000001af248000 	/System/Library/Frameworks/EventKit.framework/Versions/A/EventKit
0x00000001be065000 	/System/Library/PrivateFrameworks/SearchFoundation.framework/Versions/A/SearchFoundation
0x00000001d508c000 	/System/Library/PrivateFrameworks/Email.framework/Versions/A/Email
0x00000001bcbc1000 	/System/Library/PrivateFrameworks/CoreRoutine.framework/Versions/A/CoreRoutine
0x00000001f4a1a000 	/System/Library/PrivateFrameworks/VoiceShortcutClient.framework/Versions/A/VoiceShortcutClient
0x00000001ccae2000 	/System/Library/PrivateFrameworks/Categories.framework/Versions/A/Categories
0x00000001c4baf000 	/System/Library/PrivateFrameworks/ChronoServices.framework/Versions/A/ChronoServices
0x0000000246d23000 	/System/Library/PrivateFrameworks/CalendarDatabase.framework/Versions/A/CalendarDatabase
0x0000000246c64000 	/System/Library/PrivateFrameworks/CalendarDaemon.framework/Versions/A/CalendarDaemon
0x00000001ae597000 	/System/Library/PrivateFrameworks/CalendarFoundation.framework/Versions/A/CalendarFoundation
0x00000001ae552000 	/System/Library/PrivateFrameworks/iCalendar.framework/Versions/A/iCalendar
0x000000024f122000 	/System/Library/PrivateFrameworks/DataAccessExpress.framework/Versions/A/DataAccessExpress
0x00000001b5bfe000 	/System/Library/PrivateFrameworks/ContactsAutocomplete.framework/Versions/A/ContactsAutocomplete
0x00000001c4afb000 	/System/Library/PrivateFrameworks/FTClientServices.framework/Versions/A/FTClientServices
0x000000028031d000 	/System/Library/PrivateFrameworks/StorageContainersPrivate.framework/Versions/A/StorageContainersPrivate
0x0000000294269000 	/usr/lib/swift/libswiftCoreMediaIO.dylib
0x00000001b549c000 	/System/Library/PrivateFrameworks/CoreDAV.framework/Versions/A/CoreDAV
0x00000001af112000 	/System/Library/PrivateFrameworks/CalDAV.framework/Versions/A/CalDAV
0x00000001ba164000 	/System/Library/PrivateFrameworks/TelephonyUtilities.framework/Versions/A/TelephonyUtilities
0x000000023886c000 	/System/Library/Frameworks/LiveCommunicationKit.framework/Versions/A/LiveCommunicationKit
0x0000000248798000 	/System/Library/PrivateFrameworks/CommunicationTrust.framework/Versions/A/CommunicationTrust
0x00000001beb24000 	/System/Library/Frameworks/CallKit.framework/Versions/A/CallKit
0x00000001a974a000 	/System/Library/PrivateFrameworks/CommunicationsFilter.framework/Versions/A/CommunicationsFilter
0x00000001e9765000 	/System/Library/PrivateFrameworks/IMTransferServices.framework/Versions/A/IMTransferServices
0x00000001bcfca000 	/System/Library/PrivateFrameworks/IncomingCallFilter.framework/Versions/A/IncomingCallFilter
0x000000026c626000 	/System/Library/PrivateFrameworks/NeighborhoodActivityConduit.framework/Versions/A/NeighborhoodActivityConduit
0x00000001c10bf000 	/System/Library/PrivateFrameworks/CallHistory.framework/Versions/A/CallHistory
0x000000029274a000 	/usr/lib/libBASupport.dylib
0x0000000247169000 	/System/Library/PrivateFrameworks/CallsUtilities.framework/Versions/A/CallsUtilities
0x0000000247175000 	/System/Library/PrivateFrameworks/CallsXPC.framework/Versions/A/CallsXPC
0x00000001f522c000 	/usr/lib/swift/libswiftCallKit.dylib
0x000000024715b000 	/System/Library/PrivateFrameworks/CallsPersistence.framework/Versions/A/CallsPersistence
0x000000023c47f000 	/System/Library/Frameworks/SensitiveContentAnalysis.framework/Versions/A/SensitiveContentAnalysis
0x00000001c212f000 	/System/Library/PrivateFrameworks/PeopleSuggester.framework/Versions/A/PeopleSuggester
0x00000001cb869000 	/System/Library/PrivateFrameworks/SpotlightReceiver.framework/Versions/A/SpotlightReceiver
0x000000028cf0d000 	/System/Library/PrivateFrameworks/_AppIntentsServices_AppIntents.framework/Versions/A/_AppIntentsServices_AppIntents
0x0000000241f86000 	/System/Library/PrivateFrameworks/AppIntentsServices.framework/Versions/A/AppIntentsServices
0x00000001ae53b000 	/System/Library/PrivateFrameworks/CoreRecents.framework/Versions/A/CoreRecents
0x000000023e96e000 	/System/Library/Frameworks/_GeoToolbox_AppIntents.framework/Versions/A/_GeoToolbox_AppIntents
0x00000001deeca000 	/System/Library/PrivateFrameworks/DiagnosticRequest.framework/Versions/A/DiagnosticRequest
0x0000000273f5a000 	/System/Library/PrivateFrameworks/RegulatoryDomain.framework/Versions/A/RegulatoryDomain
0x00000001a87e7000 	/usr/lib/libCTGreenTeaLogger.dylib
0x0000000263483000 	/System/Library/PrivateFrameworks/LocalStatusKit.framework/Versions/A/LocalStatusKit
0x00000001ba04b000 	/System/Library/PrivateFrameworks/CoreParsec.framework/Versions/A/CoreParsec
0x00000001d5080000 	/System/Library/PrivateFrameworks/EmailAddressing.framework/Versions/A/EmailAddressing
0x00000001d0e6a000 	/System/Library/PrivateFrameworks/EmailCore.framework/Versions/A/EmailCore
0x00000001d1f5b000 	/System/Library/PrivateFrameworks/EmailFoundation.framework/Versions/A/EmailFoundation
0x000000026f12f000 	/System/Library/PrivateFrameworks/PegasusAPI.framework/Versions/A/PegasusAPI
0x000000026feeb000 	/System/Library/PrivateFrameworks/PegasusConfiguration.framework/Versions/A/PegasusConfiguration
0x00000002847d8000 	/System/Library/PrivateFrameworks/ToolKit.framework/Versions/A/ToolKit
0x0000000274741000 	/System/Library/PrivateFrameworks/ReplicatorEngine.framework/Versions/A/ReplicatorEngine
0x00000002748fc000 	/System/Library/PrivateFrameworks/ReplicatorServices.framework/Versions/A/ReplicatorServices
0x0000000281472000 	/System/Library/PrivateFrameworks/SystemWake.framework/Versions/A/SystemWake
0x00000001becfb000 	/System/Library/PrivateFrameworks/ContextKit.framework/Versions/A/ContextKit
0x0000000248d34000 	/System/Library/PrivateFrameworks/ContextKitCore.framework/Versions/A/ContextKitCore
0x00000001bd260000 	/System/Library/Frameworks/LocalAuthentication.framework/Support/DaemonUtils.framework/Versions/A/DaemonUtils
0x00000002633e5000 	/System/Library/PrivateFrameworks/LocalAuthenticationCoreUI.framework/Versions/A/LocalAuthenticationCoreUI
0x00000001c06d3000 	/System/Library/PrivateFrameworks/BridgeXPC.framework/Versions/A/BridgeXPC
0x00000001bdf2c000 	/System/Library/PrivateFrameworks/CoreKDL.framework/Versions/A/CoreKDL
0x00000001bc557000 	/System/Library/PrivateFrameworks/EmbeddedOSSupportHost.framework/Versions/A/EmbeddedOSSupportHost
0x00000001b1112000 	/System/Library/PrivateFrameworks/LoginUIKit.framework/Versions/A/LoginUIKit
0x00000001ccfe2000 	/System/Library/PrivateFrameworks/StorageKit.framework/Versions/A/StorageKit
0x0000000233dbe000 	/System/Library/Frameworks/DeviceCheck.framework/Versions/A/DeviceCheck
0x000000024fb19000 	/System/Library/PrivateFrameworks/DiskImages2.framework/Versions/A/DiskImages2
0x00000001cd05c000 	/System/Library/PrivateFrameworks/CoreWLANKit.framework/Versions/A/CoreWLANKit
0x000000028a4d6000 	/System/Library/PrivateFrameworks/Wallpaper.framework/Versions/A/Wallpaper
0x0000000294284000 	/usr/lib/swift/libswiftGLKit.dylib
0x0000000294290000 	/usr/lib/swift/libswiftMetalKit.dylib
0x0000000294292000 	/usr/lib/swift/libswiftModelIO.dylib
0x0000000294355000 	/usr/lib/swift/libswiftSceneKit.dylib
0x00000001d6005000 	/System/Library/PrivateFrameworks/DynamicDesktop.framework/Versions/A/DynamicDesktop
0x000000028a669000 	/System/Library/PrivateFrameworks/WallpaperFoundation.framework/Versions/A/WallpaperFoundation
0x000000028a6c8000 	/System/Library/PrivateFrameworks/WallpaperTypes.framework/Versions/A/WallpaperTypes
0x00000001eb558000 	/System/Library/PrivateFrameworks/SystemDesktopAppearance.framework/Versions/A/SystemDesktopAppearance
0x0000000290012000 	/System/Library/PrivateFrameworks/icloudMCCKit.framework/Versions/A/icloudMCCKit
0x000000024327d000 	/System/Library/PrivateFrameworks/AppleAccountUI.framework/Versions/A/AppleAccountUI
0x00000001df4f1000 	/System/Library/PrivateFrameworks/PreferencePanesSupport.framework/Versions/A/PreferencePanesSupport
0x00000001c4eb8000 	/System/Library/PrivateFrameworks/FindMyDeviceUI.framework/Versions/A/FindMyDeviceUI
0x000000028dbee000 	/System/Library/PrivateFrameworks/iCloudQuotaUI.framework/Versions/A/iCloudQuotaUI
0x00000001df6a2000 	/System/Library/PrivateFrameworks/CoreCDPUI.framework/Versions/A/CoreCDPUI
0x00000001bea54000 	/System/Library/PrivateFrameworks/CoreFollowUpUI.framework/Versions/A/CoreFollowUpUI
0x00000001cbaed000 	/System/Library/PrivateFrameworks/IMCore.framework/Versions/A/IMCore
0x00000001b3ca5000 	/System/Library/PrivateFrameworks/CoreCDP.framework/Versions/A/CoreCDP
0x00000001afae6000 	/System/Library/PrivateFrameworks/AskPermission.framework/Versions/A/AskPermission
0x00000001c284e000 	/System/Library/Frameworks/Quartz.framework/Versions/A/Quartz
0x00000001cf544000 	/System/Library/PrivateFrameworks/CloudPhotoServicesConfiguration.framework/Versions/A/CloudPhotoServicesConfiguration
0x00000001c0edf000 	/System/Library/PrivateFrameworks/CommerceKit.framework/Versions/A/CommerceKit
0x00000001d0f3c000 	/System/Library/PrivateFrameworks/FindMyMac.framework/Versions/A/FindMyMac
0x00000001d0e0c000 	/System/Library/Frameworks/PreferencePanes.framework/Versions/A/PreferencePanes
0x00000001c4300000 	/System/Library/Frameworks/AddressBook.framework/Versions/A/AddressBook
0x00000001ae981000 	/System/Library/PrivateFrameworks/AOSAccounts.framework/Versions/A/AOSAccounts
0x00000001a8aef000 	/System/Library/PrivateFrameworks/AppleSRP.framework/Versions/A/AppleSRP
0x00000001ad4ae000 	/System/Library/PrivateFrameworks/NetFSServer.framework/Versions/A/NetFSServer
0x00000001bfc60000 	/System/Library/Frameworks/PDFKit.framework/Versions/A/PDFKit
0x00000002942a8000 	/usr/lib/swift/libswiftPassKit.dylib
0x00000001e3736000 	/System/Library/Frameworks/PassKit.framework/Versions/A/PassKit
0x00000001b121f000 	/System/Library/PrivateFrameworks/PassKitCore.framework/Versions/A/PassKitCore
0x000000026ea49000 	/System/Library/PrivateFrameworks/PassKitMacHelperTemp.framework/Versions/A/PassKitMacHelperTemp
0x00000002926a5000 	/usr/lib/libAppleSSE.dylib
0x00000001bd2a8000 	/System/Library/PrivateFrameworks/BiometricKit.framework/Versions/A/BiometricKit
0x0000000274f5a000 	/System/Library/PrivateFrameworks/SEService.framework/Versions/A/SEService
0x00000002376bf000 	/System/Library/Frameworks/FinanceKit.framework/Versions/A/FinanceKit
0x00000001c28fa000 	/System/Library/PrivateFrameworks/NearField.framework/Versions/A/NearField
0x0000000274ed1000 	/System/Library/PrivateFrameworks/SESShared.framework/Versions/A/SESShared
0x00000002751c3000 	/System/Library/PrivateFrameworks/STSXPCHelperClient.framework/Versions/A/STSXPCHelperClient
0x00000001c4719000 	/usr/lib/libnfshared.dylib
0x00000002811f2000 	/System/Library/PrivateFrameworks/Symptoms.framework/Versions/A/Frameworks/SymptomPresentationFeed.framework/Versions/A/SymptomPresentationFeed
0x0000000243d4f000 	/System/Library/PrivateFrameworks/AppleMediaServicesKitInternal.framework/Versions/A/AppleMediaServicesKitInternal
0x0000000280f2e000 	/System/Library/PrivateFrameworks/SymptomShared.framework/Versions/A/SymptomShared
0x00000001e65f3000 	/System/Library/PrivateFrameworks/PassKitUIFoundation.framework/Versions/A/PassKitUIFoundation
0x00000001a8413000 	/System/Library/Frameworks/MapKit.framework/Versions/A/MapKit
0x000000025ac42000 	/System/Library/PrivateFrameworks/GeoAnalytics.framework/Versions/A/GeoAnalytics
0x00000001c4747000 	/System/Library/PrivateFrameworks/Navigation.framework/Versions/A/Navigation
0x00000001ce5c5000 	/System/Library/PrivateFrameworks/VectorKit.framework/Versions/A/VectorKit
0x00000001b56e4000 	/System/Library/PrivateFrameworks/VirtualGarage.framework/Versions/A/VirtualGarage
0x00000001c4944000 	/System/Library/Frameworks/ExternalAccessory.framework/ExternalAccessory
0x00000001c495f000 	/System/Library/PrivateFrameworks/IAP.framework/Versions/A/IAP
0x00000001a86d5000 	/System/Library/PrivateFrameworks/IOPlatformPluginFamily.framework/Versions/A/IOPlatformPluginFamily
0x000000024510b000 	/System/Library/PrivateFrameworks/AvatarKit.framework/Versions/A/AvatarKit
0x00000002451ca000 	/System/Library/PrivateFrameworks/AvatarPersistence.framework/Versions/A/AvatarPersistence
0x000000023dddf000 	/System/Library/Frameworks/TipKit.framework/Versions/A/TipKit
0x00000001b0ce3000 	/System/Library/PrivateFrameworks/IMSharedUtilities.framework/Versions/A/IMSharedUtilities
0x0000000294249000 	/usr/lib/swift/libswiftAppleArchive.dylib
0x000000028710a000 	/System/Library/PrivateFrameworks/VFX.framework/Versions/A/VFX
0x00000001e12f4000 	/System/Library/PrivateFrameworks/AppleCVA.framework/Versions/A/AppleCVA
0x00000002451c9000 	/System/Library/PrivateFrameworks/AvatarKitContent.framework/Versions/A/AvatarKitContent
0x0000000239615000 	/System/Library/Frameworks/MetalFX.framework/Versions/A/MetalFX
0x00000002488af000 	/System/Library/PrivateFrameworks/CompositorNonUI.framework/Versions/A/CompositorNonUI
0x0000000235934000 	/System/Library/Frameworks/ARKit.framework/Versions/A/ARKit
0x00000002405dd000 	/System/Library/PrivateFrameworks/ARKitCore.framework/Versions/A/ARKitCore
0x0000000292796000 	/usr/lib/libDisplayWarpSupport.dylib
0x000000024ab7f000 	/System/Library/PrivateFrameworks/CoreComposite.framework/Versions/A/CoreComposite
0x000000029322d000 	/usr/lib/libchannel.dylib
0x0000000293ea3000 	/usr/lib/librealtime_safety.dylib
0x0000000240669000 	/System/Library/PrivateFrameworks/ARKitFoundation.framework/Versions/A/ARKitFoundation
0x0000000243319000 	/System/Library/PrivateFrameworks/AppleDepth.framework/Versions/A/AppleDepth
0x0000000243496000 	/System/Library/PrivateFrameworks/AppleDepthCore.framework/Versions/A/AppleDepthCore
0x00000001a880f000 	/System/Library/PrivateFrameworks/CoreAppleCVA.framework/Versions/A/CoreAppleCVA
0x00000001b5816000 	/System/Library/PrivateFrameworks/ContactsUICore.framework/Versions/A/ContactsUICore
0x00000001bd0d5000 	/System/Library/PrivateFrameworks/ContactsDonation.framework/Versions/A/ContactsDonation
0x00000001bc992000 	/System/Library/PrivateFrameworks/DataDetectors.framework/Versions/A/DataDetectors
0x00000001af0fe000 	/System/Library/Frameworks/MediaLibrary.framework/Versions/A/MediaLibrary
0x00000001a9739000 	/System/Library/PrivateFrameworks/PersonaKit.framework/Versions/A/PersonaKit
0x00000001b5803000 	/System/Library/PrivateFrameworks/PersonaUI.framework/Versions/A/PersonaUI
0x00000001d0822000 	/System/Library/PrivateFrameworks/Transparency.framework/Versions/A/Transparency
0x0000000251673000 	/System/Library/PrivateFrameworks/FindMyLocate.framework/Versions/A/FindMyLocate
0x00000001be9d2000 	/System/Library/PrivateFrameworks/IntlPreferences.framework/Versions/A/IntlPreferences
0x000000024ebd6000 	/System/Library/PrivateFrameworks/CoreTransparency.framework/Versions/A/CoreTransparency
0x0000000251547000 	/System/Library/PrivateFrameworks/FindMyCommon.framework/Versions/A/FindMyCommon
0x000000025131a000 	/System/Library/PrivateFrameworks/FindMyBase.framework/Versions/A/FindMyBase
0x000000023b0aa000 	/System/Library/Frameworks/NearbyInteraction.framework/Versions/A/NearbyInteraction
0x00000001a932a000 	/System/Library/PrivateFrameworks/AddressBookCore.framework/Versions/A/AddressBookCore
0x00000001c449d000 	/System/Library/PrivateFrameworks/ToneKit.framework/Versions/A/ToneKit
0x00000001bea19000 	/System/Library/PrivateFrameworks/ToneLibrary.framework/Versions/A/ToneLibrary
0x0000000248bb6000 	/System/Library/PrivateFrameworks/ContactsAccounts.framework/Versions/A/ContactsAccounts
0x00000001c2765000 	/System/Library/PrivateFrameworks/Lookup.framework/Versions/A/Lookup
0x000000023b9cb000 	/System/Library/Frameworks/QuickLookUI.framework/Versions/A/QuickLookUI
0x000000023c3f8000 	/System/Library/Frameworks/ScreenCaptureKit.framework/Versions/A/ScreenCaptureKit
0x00000001bf77f000 	/System/Library/Frameworks/Quartz.framework/Versions/A/Frameworks/QuartzComposer.framework/Versions/A/QuartzComposer
0x00000001be9a9000 	/System/Library/Frameworks/Quartz.framework/Versions/A/Frameworks/QuartzFilters.framework/Versions/A/QuartzFilters
0x00000001bda30000 	/System/Library/Frameworks/Quartz.framework/Versions/A/Frameworks/ImageKit.framework/Versions/A/ImageKit
0x0000000235735000 	/System/Library/Frameworks/OpenCL.framework/Versions/A/OpenCL
0x00000001bbf31000 	/System/Library/PrivateFrameworks/CorePDF.framework/Versions/A/CorePDF
0x00000001a6382000 	/System/Library/Frameworks/QuickLook.framework/Versions/A/QuickLook
0x00000001b110d000 	/System/Library/PrivateFrameworks/DisplayServices.framework/Versions/A/DisplayServices
0x00000001be92d000 	/System/Library/Frameworks/ImageCaptureCore.framework/Versions/A/ImageCaptureCore
0x0000000289019000 	/System/Library/PrivateFrameworks/VisionKitCore.framework/Versions/A/VisionKitCore
0x00000001ba01b000 	/System/Library/PrivateFrameworks/QuickLookSupport.framework/Versions/A/QuickLookSupport
0x0000000267d48000 	/System/Library/PrivateFrameworks/MediaAnalysisServices.framework/Versions/A/MediaAnalysisServices
0x00000001c16f2000 	/System/Library/PrivateFrameworks/PhotoLibraryServices.framework/Versions/A/PhotoLibraryServices
0x00000001be53e000 	/System/Library/Frameworks/Photos.framework/Versions/A/Photos
0x00000001d332e000 	/System/Library/PrivateFrameworks/PhotosFormats.framework/Versions/A/PhotosFormats
0x0000000288163000 	/System/Library/PrivateFrameworks/VectorSearch.framework/Versions/A/VectorSearch
0x00000001cf570000 	/System/Library/PrivateFrameworks/CloudPhotoLibrary.framework/Versions/A/CloudPhotoLibrary
0x00000001d8db1000 	/System/Library/PrivateFrameworks/CloudPhotoServices.framework/Versions/A/CloudPhotoServices
0x00000001d5202000 	/System/Library/PrivateFrameworks/CoreMediaStream.framework/Versions/A/CoreMediaStream
0x00000001a9e03000 	/System/Library/PrivateFrameworks/CPAnalytics.framework/Versions/A/CPAnalytics
0x00000001d1598000 	/System/Library/PrivateFrameworks/MediaConversionService.framework/Versions/A/MediaConversionService
0x00000001b0ccf000 	/System/Library/PrivateFrameworks/PhotoFoundation.framework/Versions/A/PhotoFoundation
0x0000000270516000 	/System/Library/PrivateFrameworks/PhotoLibraryServicesCore.framework/Versions/A/PhotoLibraryServicesCore
0x00000001cb1d4000 	/System/Library/PrivateFrameworks/MMCS.framework/Versions/A/MMCS
0x00000001aef59000 	/System/Library/PrivateFrameworks/ChunkingLibrary.framework/Versions/A/ChunkingLibrary
0x00000001a8abc000 	/System/Library/PrivateFrameworks/AssetCacheServices.framework/Versions/A/AssetCacheServices
0x00000001aaaab000 	/System/Library/PrivateFrameworks/AVFoundationCF.framework/Versions/A/AVFoundationCF
0x00000001e965c000 	/usr/lib/swift/libswiftDemangle.dylib
0x000000025e107000 	/System/Library/PrivateFrameworks/ImageCaptureDevices.framework/Versions/A/ImageCaptureDevices
0x00000001bcc57000 	/System/Library/PrivateFrameworks/MediaStream.framework/Versions/A/MediaStream
0x00000001d1a86000 	/System/Library/PrivateFrameworks/NeutrinoCore.framework/Versions/A/NeutrinoCore
0x0000000197d4a000 	/System/Library/PrivateFrameworks/NLP.framework/Versions/A/NLP
0x00000001d7b06000 	/System/Library/PrivateFrameworks/PhotoImaging.framework/Versions/A/PhotoImaging
0x00000001d8d72000 	/System/Library/PrivateFrameworks/PhotosImagingFoundation.framework/Versions/A/PhotosImagingFoundation
0x00000002710c3000 	/System/Library/PrivateFrameworks/PhotosIntelligenceCore.framework/Versions/A/PhotosIntelligenceCore
0x00000001aaf42000 	/System/Library/PrivateFrameworks/EmbeddedAcousticRecognition.framework/Versions/A/EmbeddedAcousticRecognition
0x00000001c66d0000 	/System/Library/PrivateFrameworks/EmojiFoundation.framework/Versions/A/EmojiFoundation
0x00000001cf7e9000 	/System/Library/PrivateFrameworks/SDAPI.framework/Versions/A/SDAPI
0x0000000261e91000 	/System/Library/PrivateFrameworks/IsolatedContextLogging.framework/Versions/A/IsolatedContextLogging
0x00000001d8dc0000 	/System/Library/PrivateFrameworks/AutoLoop.framework/Versions/A/AutoLoop
0x0000000271ce9000 	/System/Library/PrivateFrameworks/Portrait.framework/Versions/A/Portrait
0x0000000251d98000 	/System/Library/PrivateFrameworks/FusionTracker.framework/Versions/A/FusionTracker
0x00000001bf202000 	/System/Library/PrivateFrameworks/iTunesCloud.framework/Versions/A/iTunesCloud
0x00000001c85f1000 	/System/Library/PrivateFrameworks/DAAPKit.framework/Versions/A/DAAPKit
0x00000001ba3b4000 	/System/Library/PrivateFrameworks/DeviceManagement.framework/Versions/A/DeviceManagement
0x00000001dee1c000 	/System/Library/PrivateFrameworks/ScreenTimeUI.framework/Versions/A/ScreenTimeUI
0x00000001bc98c000 	/System/Library/PrivateFrameworks/QuickLookNonBaseSystem.framework/Versions/A/QuickLookNonBaseSystem
0x00000001bd1ab000 	/System/Library/PrivateFrameworks/Catalyst.framework/Versions/A/Catalyst
0x00000001bebcc000 	/System/Library/PrivateFrameworks/ScreenTimeCore.framework/Versions/A/ScreenTimeCore
0x00000001d2785000 	/System/Library/PrivateFrameworks/ScreenTimeServiceUI.framework/Versions/A/ScreenTimeServiceUI
0x00000001cb366000 	/System/Library/PrivateFrameworks/ConfigurationEngineModel.framework/Versions/A/ConfigurationEngineModel
0x00000001ce57f000 	/System/Library/PrivateFrameworks/UsageTracking.framework/Versions/A/UsageTracking
0x000000023730c000 	/System/Library/Frameworks/DeviceActivity.framework/Versions/A/DeviceActivity
0x00000001ce54e000 	/System/Library/PrivateFrameworks/KnowledgeMonitor.framework/Versions/A/KnowledgeMonitor
0x00000001e6599000 	/System/Library/PrivateFrameworks/BluetoothManager.framework/Versions/A/BluetoothManager
0x00000002389a3000 	/System/Library/Frameworks/ManagedSettings.framework/Versions/A/ManagedSettings
0x000000026749b000 	/System/Library/PrivateFrameworks/ManagedSettingsSupport.framework/Versions/A/ManagedSettingsSupport
0x00000001e3807000 	/System/Library/Frameworks/ReplayKit.framework/Versions/A/ReplayKit
0x00000001b2127000 	/System/Library/PrivateFrameworks/MarkupUI.framework/Versions/A/MarkupUI
0x00000001bc963000 	/System/Library/PrivateFrameworks/SidecarCore.framework/Versions/A/SidecarCore
0x00000001bf633000 	/System/Library/PrivateFrameworks/AnnotationKit.framework/Versions/A/AnnotationKit
0x00000001bdc63000 	/System/Library/Frameworks/PencilKit.framework/Versions/A/PencilKit
0x00000001bde27000 	/System/Library/PrivateFrameworks/SidecarUI.framework/Versions/A/SidecarUI
0x00000001bd5ce000 	/System/Library/PrivateFrameworks/CoreHandwriting.framework/Versions/A/CoreHandwriting
0x000000019193b000 	/usr/lib/libmecabra.dylib
0x00000001b5e10000 	/System/Library/PrivateFrameworks/Calculate.framework/Versions/A/Calculate
0x00000001a1772000 	/usr/lib/libChineseTokenizer.dylib
0x00000001f4fe6000 	/System/Library/PrivateFrameworks/ScreenReaderCore.framework/Versions/A/ScreenReaderCore
0x00000002802af000 	/System/Library/PrivateFrameworks/StocksKit.framework/Versions/A/StocksKit
0x00000001b4dbd000 	/System/Library/PrivateFrameworks/OAuth.framework/Versions/A/OAuth
0x000000027ffa5000 	/System/Library/PrivateFrameworks/StocksCore.framework/Versions/A/StocksCore
0x0000000281782000 	/System/Library/PrivateFrameworks/TeaFoundation.framework/Versions/A/TeaFoundation
0x0000000281969000 	/System/Library/PrivateFrameworks/TeaSettings.framework/Versions/A/TeaSettings
0x00000001ead75000 	/System/Library/PrivateFrameworks/NewsCore.framework/Versions/A/NewsCore
0x000000028171f000 	/System/Library/PrivateFrameworks/TeaDB.framework/Versions/A/TeaDB
0x00000001e770b000 	/System/Library/PrivateFrameworks/RemoteConfiguration.framework/Versions/A/RemoteConfiguration
0x00000001ea95e000 	/System/Library/PrivateFrameworks/NewsTransport.framework/Versions/A/NewsTransport
0x00000001ead65000 	/System/Library/PrivateFrameworks/NewsFoundation.framework/Versions/A/NewsFoundation
0x000000026cc27000 	/System/Library/PrivateFrameworks/NewsURLBucket.framework/Versions/A/NewsURLBucket
0x00000001c12f1000 	/System/Library/PrivateFrameworks/MobileInstallation.framework/Versions/A/MobileInstallation
0x000000023df48000 	/System/Library/Frameworks/Translation.framework/Versions/A/Translation
0x00000001da795000 	/System/Library/PrivateFrameworks/RevealCore.framework/Versions/A/RevealCore
0x00000001da789000 	/System/Library/PrivateFrameworks/Reveal.framework/Versions/A/Reveal
0x00000001d2430000 	/System/Library/Frameworks/Speech.framework/Versions/A/Speech
0x000000023f432000 	/System/Library/PrivateFrameworks/AIMLExperimentationAnalytics.framework/Versions/A/AIMLExperimentationAnalytics
0x00000002418ad000 	/System/Library/PrivateFrameworks/AlgorithmsInternal.framework/Versions/A/AlgorithmsInternal
0x00000002850dd000 	/System/Library/PrivateFrameworks/TranslationUIServices.framework/Versions/A/TranslationUIServices
0x0000000283e31000 	/System/Library/PrivateFrameworks/TipKitCore.framework/Versions/A/TipKitCore
0x00000001c6755000 	/System/Library/PrivateFrameworks/CoreCDPInternal.framework/Versions/A/CoreCDPInternal
0x000000025e8f0000 	/System/Library/PrivateFrameworks/InputAnalytics.framework/Versions/A/InputAnalytics
0x00000001cc3da000 	/System/Library/Frameworks/InstantMessage.framework/Versions/A/InstantMessage
0x00000001c420b000 	/System/Library/PrivateFrameworks/IDSKVStore.framework/Versions/A/IDSKVStore
0x00000001c3ebd000 	/System/Library/PrivateFrameworks/IMDPersistence.framework/Versions/A/IMDPersistence
0x0000000287004000 	/System/Library/PrivateFrameworks/UserSafety.framework/Versions/A/UserSafety
0x00000001e5698000 	/System/Library/PrivateFrameworks/BlastDoor.framework/Versions/A/BlastDoor
0x0000000262ff8000 	/System/Library/PrivateFrameworks/LinkPresentationStyleSheetParsing.framework/Versions/A/LinkPresentationStyleSheetParsing
0x0000000271eaa000 	/System/Library/PrivateFrameworks/PosterFoundation.framework/Versions/A/PosterFoundation
0x0000000271f37000 	/System/Library/PrivateFrameworks/PosterModel.framework/Versions/A/PosterModel
0x0000000271f12000 	/System/Library/PrivateFrameworks/PosterFuturesKit.framework/Versions/A/PosterFuturesKit
0x00000002510f1000 	/System/Library/PrivateFrameworks/FeedbackService.framework/Versions/A/FeedbackService
0x00000001bd029000 	/System/Library/PrivateFrameworks/CoreSDB.framework/Versions/A/CoreSDB
0x000000024488a000 	/System/Library/PrivateFrameworks/AskToCore.framework/Versions/A/AskToCore
0x00000001df69f000 	/System/Library/PrivateFrameworks/MachineSettings.framework/Versions/A/MachineSettings
0x00000001d0d85000 	/System/Library/PrivateFrameworks/BezelServices.framework/Versions/A/BezelServices
0x00000001c867c000 	/System/Library/PrivateFrameworks/SPOwner.framework/Versions/A/SPOwner
0x00000001c0f44000 	/System/Library/PrivateFrameworks/FMCore.framework/Versions/A/FMCore
0x000000028db40000 	/System/Library/PrivateFrameworks/iCloudQuota.framework/Versions/A/iCloudQuota
0x00000001b5780000 	/System/Library/PrivateFrameworks/CoreRecognition.framework/Versions/A/CoreRecognition
0x00000001d0e45000 	/System/Library/PrivateFrameworks/InAppMessages.framework/Versions/A/InAppMessages
0x00000001f3b97000 	/System/Library/PrivateFrameworks/JetUI.framework/Versions/A/JetUI
0x00000002621f0000 	/System/Library/PrivateFrameworks/JetPack.framework/Versions/A/JetPack
0x00000001d0e3c000 	/System/Library/PrivateFrameworks/InAppMessagesCore.framework/Versions/A/InAppMessagesCore
0x000000028cf5d000 	/System/Library/PrivateFrameworks/_JetEngine_SwiftUI.framework/Versions/A/_JetEngine_SwiftUI
0x000000028121b000 	/System/Library/PrivateFrameworks/Synapse.framework/Versions/A/Synapse
0x0000000246ab3000 	/System/Library/PrivateFrameworks/CSExattrCrypto.framework/Versions/A/CSExattrCrypto
0x00000001c245c000 	/System/Library/PrivateFrameworks/StoreFoundation.framework/Versions/A/StoreFoundation
0x00000001c0f3e000 	/System/Library/PrivateFrameworks/ServerInformation.framework/Versions/A/ServerInformation
0x00000001c0956000 	/System/Library/PrivateFrameworks/Install.framework/Frameworks/DistributionKit.framework/Versions/A/DistributionKit
0x00000001b9def000 	/System/Library/PrivateFrameworks/PackageKit.framework/Versions/A/PackageKit
0x00000001c0979000 	/System/Library/PrivateFrameworks/OSPersonalization.framework/Versions/A/OSPersonalization
0x00000001c29c2000 	/System/Library/PrivateFrameworks/BridgeOSSoftwareUpdate.framework/Versions/A/BridgeOSSoftwareUpdate
0x00000001bd4cd000 	/System/Library/PrivateFrameworks/StorageManagement.framework/Versions/A/StorageManagement
0x00000001d22b4000 	/usr/lib/libauthinstall.dylib
0x00000001c29cb000 	/System/Library/PrivateFrameworks/InstallerDiagnostics.framework/Versions/A/InstallerDiagnostics
0x00000001d296d000 	/usr/lib/libcrypto.42.dylib
0x0000000294784000 	/usr/lib/updaters/libAppleTconUARPUpdater.dylib
0x0000000294919000 	/usr/lib/updaters/libT200Updater.dylib
0x00000001c29b0000 	/System/Library/PrivateFrameworks/GPUInfo.framework/Versions/A/GPUInfo
0x00000001d0f42000 	/System/Library/PrivateFrameworks/MobileActivationMacOS.framework/Versions/A/MobileActivationMacOS
0x00000001b4d02000 	/System/Library/PrivateFrameworks/AccountsDaemon.framework/Versions/A/AccountsDaemon
0x0000000245264000 	/System/Library/PrivateFrameworks/BackgroundSystemTasks.framework/Versions/A/BackgroundSystemTasks
0x0000000280f3e000 	/System/Library/PrivateFrameworks/Symptoms.framework/Versions/A/Frameworks/SymptomAnalytics.framework/Versions/A/SymptomAnalytics
0x00000001a8749000 	/usr/lib/libnetworkextension.dylib
0x00000001a52b1000 	/System/Library/Frameworks/NetworkExtension.framework/Versions/A/NetworkExtension
0x00000001c2a0e000 	/System/Library/PrivateFrameworks/AOSKit.framework/Versions/A/AOSKit
0x00000001a18a1000 	/System/Library/PrivateFrameworks/AppSSOCore.framework/Versions/A/AppSSOCore
0x00000001ad4e8000 	/System/Library/PrivateFrameworks/DuetActivityScheduler.framework/Versions/A/DuetActivityScheduler
0x00000001cf49b000 	/System/Library/PrivateFrameworks/NetworkServiceProxy.framework/Versions/A/NetworkServiceProxy
0x00000001abc08000 	/System/Library/PrivateFrameworks/CoreDuetContext.framework/Versions/A/CoreDuetContext
0x00000001963a2000 	/System/Library/PrivateFrameworks/CoreDuet.framework/Versions/A/CoreDuet
0x00000001b0a09000 	/System/Library/PrivateFrameworks/AssistantServices.framework/Versions/A/AssistantServices
0x00000001aabee000 	/System/Library/PrivateFrameworks/SAObjects.framework/Versions/A/SAObjects
0x00000001b05f4000 	/System/Library/PrivateFrameworks/MediaRemote.framework/Versions/A/MediaRemote
0x000000027d7cd000 	/System/Library/PrivateFrameworks/SiriTTSService.framework/Versions/A/SiriTTSService
0x0000000277eca000 	/System/Library/PrivateFrameworks/SiriCrossDeviceArbitration.framework/Versions/A/SiriCrossDeviceArbitration
0x0000000250c7c000 	/System/Library/PrivateFrameworks/FaceTimeNameUtility.framework/Versions/A/FaceTimeNameUtility
0x0000000277f1e000 	/System/Library/PrivateFrameworks/SiriCrossDeviceArbitrationFeedback.framework/Versions/A/SiriCrossDeviceArbitrationFeedback
0x00000001b5590000 	/System/Library/PrivateFrameworks/MediaServices.framework/Versions/A/MediaServices
0x00000001a1ceb000 	/System/Library/PrivateFrameworks/PersistentConnection.framework/Versions/A/PersistentConnection
0x000000027f0c4000 	/System/Library/PrivateFrameworks/SonicFoundation.framework/Versions/A/SonicFoundation
0x00000001c4f0b000 	/usr/lib/libtailspin.dylib
0x00000001d8ed2000 	/System/Library/PrivateFrameworks/Osprey.framework/Versions/A/Osprey
0x000000027ce4d000 	/System/Library/PrivateFrameworks/SiriTTS.framework/Versions/A/SiriTTS
0x000000027ba0d000 	/System/Library/PrivateFrameworks/SiriPowerInstrumentation.framework/Versions/A/SiriPowerInstrumentation
0x000000028171d000 	/System/Library/PrivateFrameworks/TailspinSymbolication.framework/Versions/A/TailspinSymbolication
0x000000024efe8000 	/System/Library/PrivateFrameworks/Darwinup.framework/Versions/A/Darwinup
0x00000001bcfb6000 	/System/Library/PrivateFrameworks/FeatureFlagsSupport.framework/Versions/A/FeatureFlagsSupport
0x00000001d1802000 	/System/Library/PrivateFrameworks/SampleAnalysis.framework/Versions/A/SampleAnalysis
0x00000001dac34000 	/System/Library/PrivateFrameworks/BulkSymbolication.framework/Versions/A/BulkSymbolication
0x00000001ae636000 	/System/Library/PrivateFrameworks/CoreDuetDaemonProtocol.framework/Versions/A/CoreDuetDaemonProtocol
0x00000001bc587000 	/System/Library/PrivateFrameworks/FindMyDevice.framework/Versions/A/FindMyDevice
0x00000001b11fe000 	/System/Library/PrivateFrameworks/FMCoreLite.framework/Versions/A/FMCoreLite
0x000000019f3a4000 	/System/Library/Frameworks/ServiceManagement.framework/Versions/A/ServiceManagement
0x000000024edae000 	/System/Library/PrivateFrameworks/CryptoKitPrivate.framework/Versions/A/CryptoKitPrivate
0x00000001c22de000 	/System/Library/PrivateFrameworks/CaptiveNetwork.framework/Versions/A/CaptiveNetwork
0x00000001aca33000 	/System/Library/PrivateFrameworks/EAP8021X.framework/Versions/A/EAP8021X
0x0000000281f2f000 	/System/Library/PrivateFrameworks/TextInputUI.framework/Versions/A/TextInputUI
0x0000000281f65000 	/System/Library/PrivateFrameworks/TextInputUIMacHelper.framework/Versions/A/TextInputUIMacHelper

JVMTI agents: none


VM Arguments:
jvm_args: -XX:TieredStopAtLevel=1 
java_command: <unknown>
java_class_path (initial): /Users/nathanspencer/Desktop/code/nstk/nstk/propagation/_java_orbit_propagation/OrekitOrbitPropagationBridge.jar:/Users/nathanspencer/Desktop/code/nstk/nstk/transforms/java_timed_rotations/TimedRotationBridge.jar:/Users/nathanspencer/Desktop/code/nstk/.venv/lib/python3.14/site-packages/orekit_jpype/jars/hipparchus-filtering-4.0.3.jar:/Users/nathanspencer/Desktop/code/nstk/.venv/lib/python3.14/site-packages/orekit_jpype/jars/hipparchus-geometry-4.0.3.jar:/Users/nathanspencer/Desktop/code/nstk/.venv/lib/python3.14/site-packages/orekit_jpype/jars/hipparchus-core-4.0.3.jar:/Users/nathanspencer/Desktop/code/nstk/.venv/lib/python3.14/site-packages/orekit_jpype/jars/hipparchus-ode-4.0.3.jar:/Users/nathanspencer/Desktop/code/nstk/.venv/lib/python3.14/site-packages/orekit_jpype/jars/hipparchus-fitting-4.0.3.jar:/Users/nathanspencer/Desktop/code/nstk/.venv/lib/python3.14/site-packages/orekit_jpype/jars/rugged-4.0.1.jar:/Users/nathanspencer/Desktop/code/nstk/.venv/lib/python3.14/site-packages/orekit_jpype/jars/hipparchus-stat-4.0.3.jar:/Users/nathanspencer/Desktop/code/nstk/.venv/lib/python3.14/site-packages/orekit_jpype/jars/orekit-13.1.4.jar:/Users/nathanspencer/Desktop/code/nstk/.venv/lib/python3.14/site-packages/orekit_jpype/jars/hipparchus-optim-4.0.3.jar:/Users/nathanspencer/Desktop/code/nstk/.venv/lib/python3.14/site-packages/org.jpype.jar
Launcher Type: generic

[Global flags]
     intx CICompilerCount                          = 4                                         {product} {ergonomic}
     uint ConcGCThreads                            = 2                                         {product} {ergonomic}
     uint G1ConcRefinementThreads                  = 9                                         {product} {ergonomic}
   size_t G1HeapRegionSize                         = 4194304                                   {product} {ergonomic}
    uintx GCDrainStackTargetSize                   = 64                                        {product} {ergonomic}
   size_t InitialHeapSize                          = 536870912                                 {product} {ergonomic}
   size_t MarkStackSize                            = 4194304                                   {product} {ergonomic}
   size_t MaxHeapSize                              = 8589934592                                {product} {ergonomic}
   size_t MaxNewSize                               = 5150605312                                {product} {ergonomic}
   size_t MinHeapDeltaBytes                        = 4194304                                   {product} {ergonomic}
   size_t MinHeapSize                              = 8388608                                   {product} {ergonomic}
    uintx NonNMethodCodeHeapSize                   = 16384                                  {pd product} {ergonomic}
    uintx NonProfiledCodeHeapSize                  = 0                                      {pd product} {ergonomic}
     bool ProfileInterpreter                       = false                                  {pd product} {command line}
    uintx ProfiledCodeHeapSize                     = 0                                      {pd product} {ergonomic}
   size_t SoftMaxHeapSize                          = 8589934592                             {manageable} {ergonomic}
     intx TieredStopAtLevel                        = 1                                         {product} {command line}
     bool UseCompressedOops                        = true                           {product lp64_product} {ergonomic}
     bool UseG1GC                                  = true                                      {product} {ergonomic}
     bool UseNUMA                                  = false                                     {product} {ergonomic}
     bool UseNUMAInterleaving                      = false                                     {product} {ergonomic}

Logging:
Log output configuration:
 #0: stdout all=warning uptime,level,tags foldmultilines=false
 #1: stderr all=off uptime,level,tags foldmultilines=false

Environment Variables:
JAVA_HOME=/Users/nathanspencer/Desktop/code/nstk/.venv/lib/python3.14/site-packages/jdk4py/java-runtime
PATH=/Users/nathanspencer/Desktop/code/Nebula/.venv/bin:/Users/nathanspencer/Library/Application Support/Code/User/globalStorage/github.copilot-chat/debugCommand:/Users/nathanspencer/Library/Application Support/Code/User/globalStorage/github.copilot-chat/copilotCli:/Library/Frameworks/Python.framework/Versions/3.14/bin:/usr/local/bin:/System/Cryptexes/App/usr/bin:/usr/bin:/bin:/usr/sbin:/sbin:/var/run/com.apple.security.cryptexd/codex.system/bootstrap/usr/local/bin:/var/run/com.apple.security.cryptexd/codex.system/bootstrap/usr/bin:/var/run/com.apple.security.cryptexd/codex.system/bootstrap/usr/appleinternal/bin:/opt/pkg/env/active/bin:/opt/pmk/env/global/bin:/opt/homebrew/bin:/Users/nathanspencer/Library/Application Support/Code/User/globalStorage/github.copilot-chat/debugCommand:/Users/nathanspencer/Library/Application Support/Code/User/globalStorage/github.copilot-chat/copilotCli:/Library/Frameworks/Python.framework/Versions/3.14/bin:/Users/nathanspencer/.vscode/extensions/ms-python.debugpy-2025.18.0-darwin-arm64/bundled/scripts/noConfigScripts
SHELL=/bin/zsh
LANG=C.UTF-8
TERM=xterm-256color
TMPDIR=/var/folders/4q/3tsr8xx96ln45_bfghl095k00000gn/T/

Active Locale:
LC_ALL=C/C.UTF-8/C/C/C/C
LC_COLLATE=C
LC_CTYPE=C.UTF-8
LC_MESSAGES=C
LC_MONETARY=C
LC_NUMERIC=C
LC_TIME=C

Signal Handlers:
   SIGSEGV: crash_handler in libjvm.dylib, mask=11100110000111110111111111111111, flags=SA_ONSTACK|SA_RESTART|SA_SIGINFO, unblocked
    SIGBUS: crash_handler in libjvm.dylib, mask=11100110000111110111111111111111, flags=SA_RESTART|SA_SIGINFO, unblocked
    SIGFPE: crash_handler in libjvm.dylib, mask=11100110000111110111111111111111, flags=SA_RESTART|SA_SIGINFO, unblocked
   SIGPIPE: javaSignalHandler in libjvm.dylib, mask=11100110000111110111111111111111, flags=SA_RESTART|SA_SIGINFO, blocked
   SIGXFSZ: javaSignalHandler in libjvm.dylib, mask=11100110000111110111111111111111, flags=SA_RESTART|SA_SIGINFO, blocked
    SIGILL: crash_handler in libjvm.dylib, mask=11100110000111110111111111111111, flags=SA_RESTART|SA_SIGINFO, unblocked
   SIGUSR2: SR_handler in libjvm.dylib, mask=00000000000000000000000000000000, flags=SA_RESTART|SA_SIGINFO, blocked
    SIGHUP: UserHandler in libjvm.dylib, mask=11100110000111110111111111111111, flags=SA_RESTART|SA_SIGINFO, blocked
    SIGINT: signal_handler in Python, mask=00000000000000000000000000000000, flags=SA_ONSTACK, blocked
   SIGTERM: UserHandler in libjvm.dylib, mask=11100110000111110111111111111111, flags=SA_RESTART|SA_SIGINFO, blocked
   SIGQUIT: UserHandler in libjvm.dylib, mask=11100110000111110111111111111111, flags=SA_RESTART|SA_SIGINFO, blocked
   SIGTRAP: crash_handler in libjvm.dylib, mask=11100110000111110111111111111111, flags=SA_RESTART|SA_SIGINFO, unblocked


Periodic native trim disabled

---------------  S Y S T E M  ---------------

OS:
uname: Darwin 25.4.0 Darwin Kernel Version 25.4.0: Thu Mar 19 19:33:43 PDT 2026; root:xnu-12377.101.15~1/RELEASE_ARM64_T8142 arm64
OS uptime: 5 days 10:56 hours
rlimit (soft/hard): STACK 8176k/65520k , CORE 0k/infinity , NPROC 5333/8000 , NOFILE 1048576/infinity , AS infinity/infinity , CPU infinity/infinity , DATA infinity/infinity , FSIZE infinity/infinity , MEMLOCK infinity/infinity , RSS infinity/infinity
load average: 1.09 1.54 1.61

CPU: total 10 (initial active 10) 0x61:0x0:0x1d5a87e8:0, fp, asimd, aes, pmull, sha1, sha256, crc32, lse, sha3, sha512
machdep.cpu.brand_string:Apple M5
hw.cachelinesize:128
hw.l1icachesize:131072
hw.l1dcachesize:65536
hw.l2cachesize:6291456

Memory: 16k page, physical 33554432k(6102656k free), swap 0k(0k free)

vm_info: OpenJDK 64-Bit Server VM (21.0.8+9-LTS) for bsd-aarch64 JRE (21.0.8+9-LTS), built on 2025-07-15T00:00:00Z by "admin" with clang Apple LLVM 15.0.0 (clang-1500.1.0.2.5)

END.
