#
# A fatal error has been detected by the Java Runtime Environment:
#
#  SIGSEGV (0xb) at pc=0x00000001040d2628, pid=65118, tid=259
#
# JRE version: OpenJDK Runtime Environment Temurin-21.0.8+9 (21.0.8+9) (build 21.0.8+9-LTS)
# Java VM: OpenJDK 64-Bit Server VM Temurin-21.0.8+9 (21.0.8+9-LTS, mixed mode, emulated-client, tiered, compressed oops, compressed class ptrs, g1 gc, bsd-aarch64)
# Problematic frame:
# C  [Python+0xae628]  frame_dealloc+0xa4
#
# No core dump will be written. Core dumps have been disabled. To enable core dumping, try "ulimit -c unlimited" before starting Java again
#
# If you would like to submit a bug report, please visit:
#   https://github.com/adoptium/adoptium-support/issues
# The crash happened outside the Java Virtual Machine in native code.
# See problematic frame for where to report the bug.
#

---------------  S U M M A R Y ------------

Command Line: -XX:TieredStopAtLevel=1 

Host: "Mac17,4" arm64, 10 cores, 32G, Darwin 25.4.0, macOS 26.4 (25E246)
Time: Fri Apr 10 22:52:02 2026 EDT elapsed time: 8.493712 seconds (0d 0h 0m 8s)

---------------  T H R E A D  ---------------

Current thread (0x00000007c0ff4700):  JavaThread "main"             [_thread_in_native, id=259, stack(0x000000016bfc8000,0x000000016cfc8000) (16384K)]

Stack: [0x000000016bfc8000,0x000000016cfc8000],  sp=0x000000016cfb5180,  free space=16308k
Native frames: (J=compiled Java code, j=interpreted, Vv=VM code, C=native code)
C  [Python+0xae628]  frame_dealloc+0xa4
C  [Python+0x1072a8]  _Py_Dealloc+0x64
C  [Python+0x34e930]  tb_dealloc+0x100
C  [Python+0x99298]  BaseException_dealloc+0x1a8
C  [Python+0x1072a8]  _Py_Dealloc+0x64
C  [Python+0xa4e3c]  gen_close+0x138
C  [Python+0xa4c40]  _PyGen_Finalize+0x84
C  [Python+0xa4878]  gen_dealloc+0x114
C  [Python+0x1072a8]  _Py_Dealloc+0x64
C  [Python+0x285d14]  _PyEval_EvalFrameDefault+0x88f9c
C  [Python+0x1fa1e8]  _PyEval_Vector+0x264
C  [Python+0x89174]  method_vectorcall+0x1c8
C  [Python+0x21ecb4]  _PyEval_EvalFrameDefault+0x21f3c
C  [Python+0x1fa1e8]  _PyEval_Vector+0x264
C  [Python+0x890ec]  method_vectorcall+0x140
C  [Python+0x83d48]  _PyObject_VectorcallTstate.837+0x48
C  [Python+0x86c04]  PyObject_CallMethod+0x70
C  [_macosx.cpython-314-darwin.so+0x5c44]  __Timer__timer_start_block_invoke+0x34
C  [Foundation+0x94da4]  __NSFireTimer+0x68
C  [CoreFoundation+0x96d50]  __CFRUNLOOP_IS_CALLING_OUT_TO_A_TIMER_CALLBACK_FUNCTION__+0x20
C  [CoreFoundation+0x96a48]  __CFRunLoopDoTimer+0x3d4
C  [CoreFoundation+0x965c0]  __CFRunLoopDoTimers+0x118
C  [CoreFoundation+0x7c8c8]  __CFRunLoopRun+0x718
C  [CoreFoundation+0x14ebe0]  _CFRunLoopRunSpecificWithOptions+0x214
C  [HIToolbox+0xbd560]  RunCurrentEventLoopInMode+0x140
C  [HIToolbox+0xc07e4]  ReceiveNextEventCommon+0x110
C  [HIToolbox+0x24a13c]  _BlockUntilNextEventMatchingListInMode+0x30
C  [AppKit+0x6e51a4]  _DPSBlockUntilNextEventMatchingListInMode+0xe4
C  [AppKit+0x39084]  _DPSNextEvent+0x240
C  [AppKit+0xbce69c]  -[NSApplication(NSEventRouting) _nextEventMatchingEventMask:untilDate:inMode:dequeue:]+0x2b0
C  [AppKit+0xbce3a8]  -[NSApplication(NSEventRouting) nextEventMatchingMask:untilDate:inMode:dequeue:]+0x48
C  [_macosx.cpython-314-darwin.so+0x7124]  FigureCanvas__start_event_loop+0xb4
C  [Python+0x96cd8]  method_vectorcall_VARARGS_KEYWORDS+0x8c
C  [Python+0x22285c]  _PyEval_EvalFrameDefault+0x25ae4
C  [Python+0x1fa1e8]  _PyEval_Vector+0x264
C  [Python+0x2f77b4]  call_one_instrument+0x68
C  [Python+0x2f7eb8]  _Py_call_instrumentation_line+0x280
C  [Python+0x2521d0]  _PyEval_EvalFrameDefault+0x55458
C  [Python+0x1fa1e8]  _PyEval_Vector+0x264
C  [Python+0x1f9ee0]  PyEval_EvalCode+0xa0
C  [Python+0x1f4578]  builtin_exec+0x170
C  [Python+0x212788]  _PyEval_EvalFrameDefault+0x15a10
C  [Python+0x1fa1e8]  _PyEval_Vector+0x264
C  [Python+0x1f9ee0]  PyEval_EvalCode+0xa0
C  [Python+0x1f4578]  builtin_exec+0x170
C  [Python+0x212788]  _PyEval_EvalFrameDefault+0x15a10
C  [Python+0x1fa1e8]  _PyEval_Vector+0x264
C  [Python+0x361660]  pymain_run_module+0xac
C  [Python+0x3611dc]  Py_RunMain+0x810
C  [Python+0x362234]  pymain_main+0x1bc
C  [Python+0x3623b4]  Py_BytesMain+0x28
C  [dyld+0x1fda4]  start+0x1b50

siginfo: si_signo: 11 (SIGSEGV), si_code: 2 (SEGV_ACCERR), si_addr: 0x0000000000010bb8

Registers:
 x0=0x000000010bba743e  x1=0x0000000104580640  x2=0x000000000000000d  x3=0x000000010bba5588
 x4=0x00000007bee11d8e  x5=0x0000000000000003  x6=0x000000016cfb2aa8  x7=0x00000007c5d61e09
 x8=0x55300001045cf7b8  x9=0x0000000000010bba x10=0x0000000000010bb8 x11=0x55300001045cf7b8
x12=0x0000000138dd5af0 x13=0x0000000000000001 x14=0x000000000000001c x15=0x000000010bba5530
x16=0x0000000000000018 x17=0x00000001036419c0 x18=0x0000000000000000 x19=0x000000010bba743e
x20=0x0000000104604960 x21=0x0000000000005182 x22=0x00000001040d2584 x23=0x0000000000fe51f0
x24=0x0000000104372830 x25=0x0000000000fe5270 x26=0x0000000002405522 x27=0x0000000000fe7b20
x28=0x00000001040dae60  fp=0x000000016cfb51a0  lr=0x000000010412b2a8  sp=0x000000016cfb5180
pc=0x00000001040d2628 cpsr=0x0000000020000000

Register to memory mapping:

x0 =0x000000010bba743e points into unknown readable memory: 00 00
x1 =0x0000000104580640: _PyExc_GeneratorExit+0 in /Library/Frameworks/Python.framework/Versions/3.14/Python at 0x0000000104024000
x2 =0x000000000000000d is an unknown value
x3 =0x000000010bba5588 points into unknown readable memory: 0x00000007bee11b80 | 80 1b e1 be 07 00 00 00
x4 =0x00000007bee11d8e points into unknown readable memory: 69 01
x5 =0x0000000000000003 is an unknown value
x6 =0x000000016cfb2aa8 is pointing into the stack for thread: 0x00000007c0ff4700
x7 =0x00000007c5d61e09 points into unknown readable memory: 07 01 00 00 00 00 00
x8 =0x55300001045cf7b8: _PyRuntime+0x17d28 in /Library/Frameworks/Python.framework/Versions/3.14/Python at 0x0000000104024000
x9 =0x0000000000010bba is an unknown value
x10=0x0000000000010bb8 is an unknown value
x11=0x55300001045cf7b8: _PyRuntime+0x17d28 in /Library/Frameworks/Python.framework/Versions/3.14/Python at 0x0000000104024000
x12=0x0000000138dd5af0 points into unknown readable memory: 0x0000000000000000 | 00 00 00 00 00 00 00 00
x13=0x0000000000000001 is an unknown value
x14=0x000000000000001c is an unknown value
x15=0x000000010bba5530 points into unknown readable memory: 0x000000010bba742c | 2c 74 ba 0b 01 00 00 00
x16=0x0000000000000018 is an unknown value
x17=0x00000001036419c0 points into unknown readable memory: 0x000000010458f420 | 20 f4 58 04 01 00 00 00
x18=0x0 is null
x19=0x000000010bba743e points into unknown readable memory: 00 00
x20=0x0000000104604960: _PyRuntime+0x4ced0 in /Library/Frameworks/Python.framework/Versions/3.14/Python at 0x0000000104024000
x21=0x0000000000005182 is an unknown value
x22=0x00000001040d2584: frame_dealloc+0 in /Library/Frameworks/Python.framework/Versions/3.14/Python at 0x0000000104024000
x23=0x0000000000fe51f0 is an unknown value
x24=0x0000000104372830: tb_dealloc+0 in /Library/Frameworks/Python.framework/Versions/3.14/Python at 0x0000000104024000
x25=0x0000000000fe5270 is an unknown value
x26=0x0000000002405522 is an unknown value
x27=0x0000000000fe7b20 is an unknown value
x28=0x00000001040dae60: list_dealloc+0 in /Library/Frameworks/Python.framework/Versions/3.14/Python at 0x0000000104024000
 fp=0x000000016cfb51a0 is pointing into the stack for thread: 0x00000007c0ff4700
 lr=0x000000010412b2a8: _Py_Dealloc+0x64 in /Library/Frameworks/Python.framework/Versions/3.14/Python at 0x0000000104024000
 sp=0x000000016cfb5180 is pointing into the stack for thread: 0x00000007c0ff4700

Top of Stack: (sp=0x000000016cfb5180)
0x000000016cfb5180:   00000001040d2584 0000000000005182
0x000000016cfb5190:   0000000104604960 00000001036419d8
0x000000016cfb51a0:   000000016cfb51f0 000000010412b2a8
0x000000016cfb51b0:   0000000000000001 0000000000000000
0x000000016cfb51c0:   0000000104372830 0000000000005102
0x000000016cfb51d0:   0000000104604960 00000001036419d8
0x000000016cfb51e0:   0000000104604d48 0000000138dd5b00
0x000000016cfb51f0:   000000016cfb5210 0000000104372930
0x000000016cfb5200:   0000000104604d48 0000000138e43820
0x000000016cfb5210:   000000016cfb5270 00000001040bd298
0x000000016cfb5220:   00000001045b7848 000000010bba5588
0x000000016cfb5230:   0000000002405522 0000000104604960
0x000000016cfb5240:   00000001045b7849 0000000000fe52c0
0x000000016cfb5250:   00000001040bd0f0 0000000040005502
0x000000016cfb5260:   0000000104604960 00000001036419d8
0x000000016cfb5270:   000000016cfb52c0 000000010412b2a8
0x000000016cfb5280:   0000000104604d48 000000010bba5540
0x000000016cfb5290:   00000001045b7849 0000000000fe53c0
0x000000016cfb52a0:   00000001040c8764 0000000104588000
0x000000016cfb52b0:   0000000104604d48 000000010bba5540
0x000000016cfb52c0:   000000016cfb5300 00000001040c8e3c
0x000000016cfb52d0:   00000001045b7849 0000000000000000
0x000000016cfb52e0:   00000001040c8764 00000001036419d8
0x000000016cfb52f0:   000000010bba5540 0000000000000000
0x000000016cfb5300:   000000016cfb5340 00000001040c8c40
0x000000016cfb5310:   0000000002405522 0000000104604960
0x000000016cfb5320:   00000001040c8764 00000001045b2628
0x000000016cfb5330:   00000001036419d8 000000010bba5540
0x000000016cfb5340:   000000016cfb5370 00000001040c8878
0x000000016cfb5350:   00000001040c8764 0000000000005182
0x000000016cfb5360:   0000000104604960 00000001036419d8
0x000000016cfb5370:   000000016cfb53c0 000000010412b2a8 

Instructions: (pc=0x00000001040d2628)
0x00000001040d2528:   29 27 00 b0 20 31 45 f9 e8 03 00 f9 01 1a 00 d0
0x00000001040d2538:   21 dc 37 91 06 00 00 14 28 27 00 b0 00 31 45 f9
0x00000001040d2548:   f4 03 00 f9 01 1a 00 d0 21 94 38 91 72 64 08 94
0x00000001040d2558:   00 00 80 d2 ef ff ff 17 e0 03 02 aa de 18 01 94
0x00000001040d2568:   00 fc ff b4 28 27 00 b0 00 31 45 f9 01 1a 00 d0
0x00000001040d2578:   21 e8 38 91 74 6b 08 94 f6 ff ff 17 f6 57 bd a9
0x00000001040d2588:   f4 4f 01 a9 fd 7b 02 a9 fd 83 00 91 f3 03 00 aa
0x00000001040d2598:   08 00 5f f8 08 04 00 b5 68 22 01 91 69 0e 40 f9
0x00000001040d25a8:   3f 01 08 eb c0 06 00 54 60 0a 40 f9 20 0e 00 b5
0x00000001040d25b8:   60 12 40 f9 40 12 00 b5 60 1a 40 f9 00 13 00 b5
0x00000001040d25c8:   60 1e 40 f9 c0 13 00 b5 60 22 40 f9 80 10 00 b5
0x00000001040d25d8:   68 06 40 f9 08 55 40 f9 69 02 5f f8 09 14 00 b5
0x00000001040d25e8:   09 39 4e 93 1f 05 7d f2 e8 07 9f 1a 28 01 08 cb
0x00000001040d25f8:   61 12 08 8b 28 27 00 b0 08 41 39 91 02 11 40 f9
0x00000001040d2608:   00 01 40 f9 fd 7b 42 a9 f4 4f 41 a9 f6 57 c3 a8
0x00000001040d2618:   40 00 1f d6 69 82 5f f8 2a f5 7e 92 0b f5 7e 92
0x00000001040d2628:   4c 01 40 f9 88 05 40 b3 48 01 00 f9 68 05 40 f9
0x00000001040d2638:   09 05 40 b3 69 05 00 f9 68 82 5f f8 08 01 40 92
0x00000001040d2648:   7f 22 3f a9 80 29 00 d0 00 20 35 91 08 00 40 f9
0x00000001040d2658:   00 01 3f d6 08 00 40 f9 08 09 40 f9 09 1d 5d b9
0x00000001040d2668:   29 05 00 71 4b 00 00 54 09 1d 1d b9 09 e5 4e f9
0x00000001040d2678:   29 05 00 d1 09 e5 0e f9 c8 ff ff 17 69 4a 42 39
0x00000001040d2688:   3f 09 00 71 21 f9 ff 54 00 01 40 f9 29 00 80 52
0x00000001040d2698:   09 01 00 f9 a0 00 00 37 08 00 40 b9 08 05 00 71
0x00000001040d26a8:   08 00 00 b9 60 07 00 54 60 2e 40 f9 28 00 80 52
0x00000001040d26b8:   68 2e 00 f9 a0 00 00 37 08 00 40 b9 08 05 00 71
0x00000001040d26c8:   08 00 00 b9 a0 06 00 54 60 3a 40 f9 80 07 00 b5
0x00000001040d26d8:   74 62 02 91 75 46 40 f9 bf 02 14 eb 69 f6 ff 54
0x00000001040d26e8:   f6 03 15 aa c0 8e 5f f8 28 00 80 52 c8 02 00 f9
0x00000001040d26f8:   a0 00 00 37 08 00 40 b9 08 05 00 71 08 00 00 b9
0x00000001040d2708:   00 05 00 54 df 02 14 eb 09 f5 ff 54 f6 03 15 aa
0x00000001040d2718:   c0 0e 5f f8 28 00 80 52 c8 02 00 f9 a0 00 00 37 


Stack slot to memory mapping:

stack at sp + 0 slots: 0x00000001040d2584: frame_dealloc+0 in /Library/Frameworks/Python.framework/Versions/3.14/Python at 0x0000000104024000
stack at sp + 1 slots: 0x0000000000005182 is an unknown value
stack at sp + 2 slots: 0x0000000104604960: _PyRuntime+0x4ced0 in /Library/Frameworks/Python.framework/Versions/3.14/Python at 0x0000000104024000
stack at sp + 3 slots: 0x00000001036419d8 points into unknown readable memory: 0x0000000104604960 | 60 49 60 04 01 00 00 00
stack at sp + 4 slots: 0x000000016cfb51f0 is pointing into the stack for thread: 0x00000007c0ff4700
stack at sp + 5 slots: 0x000000010412b2a8: _Py_Dealloc+0x64 in /Library/Frameworks/Python.framework/Versions/3.14/Python at 0x0000000104024000
stack at sp + 6 slots: 0x0000000000000001 is an unknown value
stack at sp + 7 slots: 0x0 is null


---------------  P R O C E S S  ---------------

Threads class SMR info:
_java_thread_list=0x00000007c5711520, length=13, elements={
0x00000007c0ff4700, 0x00000007c0ff5c00, 0x00000007c0ff6300, 0x00000007c0ff6a00,
0x00000007c0ff7100, 0x00000007c0ff7800, 0x00000007c0ff2800, 0x00000007c0ff3000,
0x00000007be4b0000, 0x00000007be4b0700, 0x00000007be4b0e00, 0x00000007be4b5000,
0x00000007be4b5800
}

Java Threads: ( => current thread )
=>0x00000007c0ff4700 JavaThread "main"                              [_thread_in_native, id=259, stack(0x000000016bfc8000,0x000000016cfc8000) (16384K)]
  0x00000007c0ff5c00 JavaThread "Reference Handler"          daemon [_thread_blocked, id=29955, stack(0x0000000172f74000,0x0000000173177000) (2060K)]
  0x00000007c0ff6300 JavaThread "Finalizer"                  daemon [_thread_blocked, id=29443, stack(0x0000000173180000,0x0000000173383000) (2060K)]
  0x00000007c0ff6a00 JavaThread "Signal Dispatcher"          daemon [_thread_blocked, id=29187, stack(0x000000017338c000,0x000000017358f000) (2060K)]
  0x00000007c0ff7100 JavaThread "Service Thread"             daemon [_thread_blocked, id=24067, stack(0x0000000173598000,0x000000017379b000) (2060K)]
  0x00000007c0ff7800 JavaThread "Monitor Deflation Thread"   daemon [_thread_blocked, id=24579, stack(0x00000001737a4000,0x00000001739a7000) (2060K)]
  0x00000007c0ff2800 JavaThread "C1 CompilerThread0"         daemon [_thread_blocked, id=28675, stack(0x00000001739b0000,0x0000000173bb3000) (2060K)]
  0x00000007c0ff3000 JavaThread "C1 CompilerThread1"         daemon [_thread_blocked, id=28419, stack(0x0000000173bbc000,0x0000000173dbf000) (2060K)]
  0x00000007be4b0000 JavaThread "Notification Thread"        daemon [_thread_blocked, id=28163, stack(0x0000000173dc8000,0x0000000173fcb000) (2060K)]
  0x00000007be4b0700 JavaThread "Common-Cleaner"             daemon [_thread_blocked, id=25347, stack(0x0000000173fd4000,0x00000001741d7000) (2060K)]
  0x00000007be4b0e00 JavaThread "Python Reference Queue"     daemon [_thread_blocked, id=27395, stack(0x00000001741e0000,0x00000001743e3000) (2060K)]
  0x00000007be4b5000 JavaThread "C1 CompilerThread2"         daemon [_thread_blocked, id=26639, stack(0x00000001743ec000,0x00000001745ef000) (2060K)]
  0x00000007be4b5800 JavaThread "C1 CompilerThread3"         daemon [_thread_blocked, id=25615, stack(0x00000001745f8000,0x00000001747fb000) (2060K)]
Total: 13

Other Threads:
  0x00000007c2b88800 VMThread "VM Thread"                           [id=19971, stack(0x0000000172c50000,0x0000000172e53000) (2060K)]
  0x00000007c0ffd880 WatcherThread "VM Periodic Task Thread"        [id=16387, stack(0x0000000172a44000,0x0000000172c47000) (2060K)]
  0x00000007c1349800 WorkerThread "GC Thread#0"                     [id=15363, stack(0x0000000172008000,0x000000017220b000) (2060K)]
  0x00000007c41a6000 WorkerThread "GC Thread#1"                     [id=26115, stack(0x0000000174804000,0x0000000174a07000) (2060K)]
  0x00000007c41a7000 WorkerThread "GC Thread#2"                     [id=32771, stack(0x0000000174a10000,0x0000000174c13000) (2060K)]
  0x00000007c41a6800 WorkerThread "GC Thread#3"                     [id=43011, stack(0x0000000174c1c000,0x0000000174e1f000) (2060K)]
  0x00000007c41a7800 WorkerThread "GC Thread#4"                     [id=33027, stack(0x0000000174e28000,0x000000017502b000) (2060K)]
  0x00000007c2510800 WorkerThread "GC Thread#5"                     [id=33283, stack(0x0000000175034000,0x0000000175237000) (2060K)]
  0x00000007c2513800 WorkerThread "GC Thread#6"                     [id=33539, stack(0x0000000175240000,0x0000000175443000) (2060K)]
  0x00000007c2513c00 WorkerThread "GC Thread#7"                     [id=33795, stack(0x000000017544c000,0x000000017564f000) (2060K)]
  0x00000007c56df000 WorkerThread "GC Thread#8"                     [id=22287, stack(0x0000000175658000,0x000000017585b000) (2060K)]
  0x00000007c1349c00 ConcurrentGCThread "G1 Main Marker"            [id=15107, stack(0x0000000172214000,0x0000000172417000) (2060K)]
  0x00000007c134a400 WorkerThread "G1 Conc#0"                       [id=14083, stack(0x0000000172420000,0x0000000172623000) (2060K)]
  0x00000007c134ac00 ConcurrentGCThread "G1 Refine#0"               [id=13827, stack(0x000000017262c000,0x000000017282f000) (2060K)]
  0x00000007c134b400 ConcurrentGCThread "G1 Service"                [id=13315, stack(0x0000000172838000,0x0000000172a3b000) (2060K)]
Total: 15

Threads with active compile tasks:
Total: 0

VM state: not at safepoint (normal execution)

VM Mutex/Monitor currently owned by a thread: None

Heap address: 0x0000000b6d000000, size: 8192 MB, Compressed Oops mode: Non-zero based: 0x0000000b6c800000, Oop shift amount: 3

CDS archive(s) not mapped
Compressed class space mapped at: 0x0000007000000000-0x0000007040000000, reserved size: 1073741824
Narrow klass base: 0x0000007000000000, Narrow klass shift: 0, Narrow klass range: 0x40000000

GC Precious Log:
 CardTable entry size: 512
 Card Set container configuration: InlinePtr #cards 4 size 8 Array Of Cards #cards 32 size 80 Howl #buckets 8 coarsen threshold 7372 Howl Bitmap #cards 1024 size 144 coarsen threshold 921 Card regions per heap region 1 cards per card region 8192
 CPUs: 10 total, 10 available
 Memory: 32768M
 Large Page Support: Disabled
 NUMA Support: Disabled
 Compressed Oops: Enabled (Non-zero based)
 Heap Region Size: 4M
 Heap Min Capacity: 8M
 Heap Initial Capacity: 512M
 Heap Max Capacity: 8G
 Pre-touch: Disabled
 Parallel Workers: 9
 Concurrent Workers: 2
 Concurrent Refinement Workers: 9
 Periodic GC: Disabled

Heap:
 garbage-first heap   total 57344K, used 15594K [0x0000000b6d000000, 0x0000000d6d000000)
  region size 4096K, 1 young (4096K), 0 survivors (0K)
 Metaspace       used 13699K, committed 13888K, reserved 1114112K
  class space    used 1400K, committed 1536K, reserved 1048576K

Heap Regions: E=young(eden), S=young(survivor), O=old, HS=humongous(starts), HC=humongous(continues), CS=collection set, F=free, TAMS=top-at-mark-start, PB=parsable bottom
|   0|0x0000000b6d000000, 0x0000000b6d3fd6e0, 0x0000000b6d400000| 99%| O|  |TAMS 0x0000000b6d000000| PB 0x0000000b6d000000| Untracked 
|   1|0x0000000b6d400000, 0x0000000b6d800000, 0x0000000b6d800000|100%| O|  |TAMS 0x0000000b6d400000| PB 0x0000000b6d400000| Untracked 
|   2|0x0000000b6d800000, 0x0000000b6db9be50, 0x0000000b6dc00000| 90%| O|  |TAMS 0x0000000b6d800000| PB 0x0000000b6d800000| Untracked 
|   3|0x0000000b6dc00000, 0x0000000b6dfa12e0, 0x0000000b6e000000| 90%| O|  |TAMS 0x0000000b6dc00000| PB 0x0000000b6dc00000| Untracked 
|   4|0x0000000b6e000000, 0x0000000b6e000000, 0x0000000b6e400000|  0%| F|  |TAMS 0x0000000b6e000000| PB 0x0000000b6e000000| Untracked 
|   5|0x0000000b6e400000, 0x0000000b6e400000, 0x0000000b6e800000|  0%| F|  |TAMS 0x0000000b6e400000| PB 0x0000000b6e400000| Untracked 
|   6|0x0000000b6e800000, 0x0000000b6e800000, 0x0000000b6ec00000|  0%| F|  |TAMS 0x0000000b6e800000| PB 0x0000000b6e800000| Untracked 
|   7|0x0000000b6ec00000, 0x0000000b6ec00000, 0x0000000b6f000000|  0%| F|  |TAMS 0x0000000b6ec00000| PB 0x0000000b6ec00000| Untracked 
|   8|0x0000000b6f000000, 0x0000000b6f000000, 0x0000000b6f400000|  0%| F|  |TAMS 0x0000000b6f000000| PB 0x0000000b6f000000| Untracked 
|   9|0x0000000b6f400000, 0x0000000b6f400000, 0x0000000b6f800000|  0%| F|  |TAMS 0x0000000b6f400000| PB 0x0000000b6f400000| Untracked 
|  10|0x0000000b6f800000, 0x0000000b6f800000, 0x0000000b6fc00000|  0%| F|  |TAMS 0x0000000b6f800000| PB 0x0000000b6f800000| Untracked 
|  11|0x0000000b6fc00000, 0x0000000b6fc00000, 0x0000000b70000000|  0%| F|  |TAMS 0x0000000b6fc00000| PB 0x0000000b6fc00000| Untracked 
|  12|0x0000000b70000000, 0x0000000b70000000, 0x0000000b70400000|  0%| F|  |TAMS 0x0000000b70000000| PB 0x0000000b70000000| Untracked 
|  13|0x0000000b70400000, 0x0000000b70400848, 0x0000000b70800000|  0%| E|  |TAMS 0x0000000b70400000| PB 0x0000000b70400000| Complete 

Card table byte_map: [0x000000011ff80000,0x0000000120f80000] _byte_map_base: 0x000000011a418000

Marking Bits: (CMBitMap*) 0x00000007bf490a10
 Bits: [0x0000000120f80000, 0x0000000128f80000)

Polling page: 0x000000010898c000

Metaspace:

Usage:
  Non-class:     12.01 MB used.
      Class:      1.37 MB used.
       Both:     13.38 MB used.

Virtual space:
  Non-class space:       64.00 MB reserved,      12.06 MB ( 19%) committed,  1 nodes.
      Class space:        1.00 GB reserved,       1.50 MB ( <1%) committed,  1 nodes.
             Both:        1.06 GB reserved,      13.56 MB (  1%) committed. 

Chunk freelists:
   Non-Class:  3.75 MB
       Class:  14.42 MB
        Both:  18.17 MB

MaxMetaspaceSize: unlimited
CompressedClassSpaceSize: 1.00 GB
Initial GC threshold: 21.00 MB
Current GC threshold: 22.62 MB
CDS: off
 - commit_granule_bytes: 65536.
 - commit_granule_words: 8192.
 - virtual_space_node_default_size: 8388608.
 - enlarge_chunks_in_place: 1.
 - use_allocation_guard: 0.


Internal statistics:

num_allocs_failed_limit: 0.
num_arena_births: 104.
num_arena_deaths: 0.
num_vsnodes_births: 2.
num_vsnodes_deaths: 0.
num_space_committed: 217.
num_space_uncommitted: 0.
num_chunks_returned_to_freelist: 0.
num_chunks_taken_from_freelist: 293.
num_chunk_merges: 0.
num_chunk_splits: 196.
num_chunks_enlarged: 150.
num_inconsistent_stats: 0.

CodeCache: size=49152Kb used=5864Kb max_used=6898Kb free=43287Kb
 bounds [0x00000001113d0000, 0x0000000111aa0000, 0x00000001143d0000]
 total_blobs=2359, nmethods=1809, adapters=475, full_count=0
Compilation: enabled, stopped_count=0, restarted_count=0

Compilation events (20 events):
Event: 7.947 Thread 0x00000007c0ff2800 2634       1       org.orekit.utils.TimeStampedPVCoordinates::<init> (70 bytes)
Event: 7.947 Thread 0x00000007be4b5000 2635       1       org.orekit.utils.AngularCoordinates::applyTo (122 bytes)
Event: 7.947 Thread 0x00000007be4b5800 nmethod 2633 0x00000001116d1d90 code [0x00000001116d1f40, 0x00000001116d2110]
Event: 7.947 Thread 0x00000007be4b5800 2637       1       org.orekit.frames.Frame::getStaticTransformTo (48 bytes)
Event: 7.947 Thread 0x00000007c0ff2800 nmethod 2634 0x00000001116d1590 code [0x00000001116d1740, 0x00000001116d1b80]
Event: 7.947 Thread 0x00000007c0ff2800 2638       1       org.orekit.frames.StaticTransform::getIdentity (8 bytes)
Event: 7.947 Thread 0x00000007c0ff2800 nmethod 2638 0x00000001116d1290 code [0x00000001116d1400, 0x00000001116d14d0]
Event: 7.947 Thread 0x00000007c0ff2800 2639       1       org.orekit.frames.StaticTransform$1::<init> (5 bytes)
Event: 7.947 Thread 0x00000007c0ff2800 nmethod 2639 0x00000001116d0f90 code [0x00000001116d1100, 0x00000001116d11d0]
Event: 7.947 Thread 0x00000007c0ff2800 2640       1       org.orekit.frames.Frame$$Lambda/0x00000070001951b0::<init> (10 bytes)
Event: 7.947 Thread 0x00000007c0ff2800 nmethod 2640 0x00000001116d0c90 code [0x00000001116d0e00, 0x00000001116d0f30]
Event: 7.947 Thread 0x00000007be4b5800 nmethod 2637 0x00000001116d0410 code [0x00000001116d0600, 0x00000001116d09b8]
Event: 7.947 Thread 0x00000007c0ff2800 2641       1       org.orekit.frames.Frame$$Lambda/0x00000070001953f8::<init> (10 bytes)
Event: 7.947 Thread 0x00000007be4b5800 2642       1       org.orekit.frames.StaticTransform$1::transformPosition (6 bytes)
Event: 7.947 Thread 0x00000007c0ff2800 nmethod 2641 0x00000001116d0110 code [0x00000001116d0280, 0x00000001116d03b0]
Event: 7.947 Thread 0x00000007c0ff2800 2643       1       org.orekit.frames.StaticTransform$1::transformVector (20 bytes)
Event: 7.947 Thread 0x00000007c0ff2800 nmethod 2643 0x00000001116cfd90 code [0x00000001116cff00, 0x00000001116d0040]
Event: 7.947 Thread 0x00000007be4b5000 nmethod 2635 0x00000001116cf090 code [0x00000001116cf2c0, 0x00000001116cf8b0]
Event: 7.947 Thread 0x00000007be4b5800 nmethod 2642 0x00000001116ced10 code [0x00000001116cee80, 0x00000001116cefc0]
Event: 7.947 Thread 0x00000007c0ff3000 nmethod 2636 0x00000001116cd490 code [0x00000001116cd740, 0x00000001116ce158]

GC Heap History (20 events):
Event: 7.978 GC heap before
{Heap before GC invocations=23 (full 7):
 garbage-first heap   total 57344K, used 44256K [0x0000000b6d000000, 0x0000000d6d000000)
  region size 4096K, 8 young (32768K), 1 survivors (4096K)
 Metaspace       used 13699K, committed 13888K, reserved 1114112K
  class space    used 1400K, committed 1536K, reserved 1048576K
}
Event: 7.978 GC heap after
{Heap after GC invocations=24 (full 7):
 garbage-first heap   total 57344K, used 15561K [0x0000000b6d000000, 0x0000000d6d000000)
  region size 4096K, 1 young (4096K), 1 survivors (4096K)
 Metaspace       used 13699K, committed 13888K, reserved 1114112K
  class space    used 1400K, committed 1536K, reserved 1048576K
}
Event: 7.985 GC heap before
{Heap before GC invocations=24 (full 7):
 garbage-first heap   total 57344K, used 44233K [0x0000000b6d000000, 0x0000000d6d000000)
  region size 4096K, 8 young (32768K), 1 survivors (4096K)
 Metaspace       used 13699K, committed 13888K, reserved 1114112K
  class space    used 1400K, committed 1536K, reserved 1048576K
}
Event: 7.986 GC heap after
{Heap after GC invocations=25 (full 7):
 garbage-first heap   total 57344K, used 15556K [0x0000000b6d000000, 0x0000000d6d000000)
  region size 4096K, 1 young (4096K), 1 survivors (4096K)
 Metaspace       used 13699K, committed 13888K, reserved 1114112K
  class space    used 1400K, committed 1536K, reserved 1048576K
}
Event: 8.019 GC heap before
{Heap before GC invocations=25 (full 7):
 garbage-first heap   total 57344K, used 44228K [0x0000000b6d000000, 0x0000000d6d000000)
  region size 4096K, 8 young (32768K), 1 survivors (4096K)
 Metaspace       used 13699K, committed 13888K, reserved 1114112K
  class space    used 1400K, committed 1536K, reserved 1048576K
}
Event: 8.019 GC heap after
{Heap after GC invocations=26 (full 7):
 garbage-first heap   total 290816K, used 15565K [0x0000000b6d000000, 0x0000000d6d000000)
  region size 4096K, 1 young (4096K), 1 survivors (4096K)
 Metaspace       used 13699K, committed 13888K, reserved 1114112K
  class space    used 1400K, committed 1536K, reserved 1048576K
}
Event: 8.040 GC heap before
{Heap before GC invocations=26 (full 7):
 garbage-first heap   total 290816K, used 48333K [0x0000000b6d000000, 0x0000000d6d000000)
  region size 4096K, 10 young (40960K), 1 survivors (4096K)
 Metaspace       used 13699K, committed 13888K, reserved 1114112K
  class space    used 1400K, committed 1536K, reserved 1048576K
}
Event: 8.044 GC heap after
{Heap after GC invocations=27 (full 8):
 garbage-first heap   total 81920K, used 15559K [0x0000000b6d000000, 0x0000000d6d000000)
  region size 4096K, 0 young (0K), 0 survivors (0K)
 Metaspace       used 13699K, committed 13888K, reserved 1114112K
  class space    used 1400K, committed 1536K, reserved 1048576K
}
Event: 8.080 GC heap before
{Heap before GC invocations=27 (full 8):
 garbage-first heap   total 81920K, used 64711K [0x0000000b6d000000, 0x0000000d6d000000)
  region size 4096K, 12 young (49152K), 0 survivors (0K)
 Metaspace       used 13699K, committed 13888K, reserved 1114112K
  class space    used 1400K, committed 1536K, reserved 1048576K
}
Event: 8.080 GC heap after
{Heap after GC invocations=28 (full 8):
 garbage-first heap   total 81920K, used 15578K [0x0000000b6d000000, 0x0000000d6d000000)
  region size 4096K, 1 young (4096K), 1 survivors (4096K)
 Metaspace       used 13699K, committed 13888K, reserved 1114112K
  class space    used 1400K, committed 1536K, reserved 1048576K
}
Event: 8.110 GC heap before
{Heap before GC invocations=28 (full 8):
 garbage-first heap   total 81920K, used 60634K [0x0000000b6d000000, 0x0000000d6d000000)
  region size 4096K, 12 young (49152K), 1 survivors (4096K)
 Metaspace       used 13699K, committed 13888K, reserved 1114112K
  class space    used 1400K, committed 1536K, reserved 1048576K
}
Event: 8.110 GC heap after
{Heap after GC invocations=29 (full 8):
 garbage-first heap   total 81920K, used 15587K [0x0000000b6d000000, 0x0000000d6d000000)
  region size 4096K, 1 young (4096K), 1 survivors (4096K)
 Metaspace       used 13699K, committed 13888K, reserved 1114112K
  class space    used 1400K, committed 1536K, reserved 1048576K
}
Event: 8.136 GC heap before
{Heap before GC invocations=29 (full 8):
 garbage-first heap   total 81920K, used 60643K [0x0000000b6d000000, 0x0000000d6d000000)
  region size 4096K, 12 young (49152K), 1 survivors (4096K)
 Metaspace       used 13699K, committed 13888K, reserved 1114112K
  class space    used 1400K, committed 1536K, reserved 1048576K
}
Event: 8.136 GC heap after
{Heap after GC invocations=30 (full 8):
 garbage-first heap   total 81920K, used 15595K [0x0000000b6d000000, 0x0000000d6d000000)
  region size 4096K, 1 young (4096K), 1 survivors (4096K)
 Metaspace       used 13699K, committed 13888K, reserved 1114112K
  class space    used 1400K, committed 1536K, reserved 1048576K
}
Event: 8.158 GC heap before
{Heap before GC invocations=30 (full 8):
 garbage-first heap   total 81920K, used 60651K [0x0000000b6d000000, 0x0000000d6d000000)
  region size 4096K, 12 young (49152K), 1 survivors (4096K)
 Metaspace       used 13699K, committed 13888K, reserved 1114112K
  class space    used 1400K, committed 1536K, reserved 1048576K
}
Event: 8.158 GC heap after
{Heap after GC invocations=31 (full 8):
 garbage-first heap   total 81920K, used 15603K [0x0000000b6d000000, 0x0000000d6d000000)
  region size 4096K, 1 young (4096K), 1 survivors (4096K)
 Metaspace       used 13699K, committed 13888K, reserved 1114112K
  class space    used 1400K, committed 1536K, reserved 1048576K
}
Event: 8.170 GC heap before
{Heap before GC invocations=31 (full 8):
 garbage-first heap   total 81920K, used 60659K [0x0000000b6d000000, 0x0000000d6d000000)
  region size 4096K, 12 young (49152K), 1 survivors (4096K)
 Metaspace       used 13699K, committed 13888K, reserved 1114112K
  class space    used 1400K, committed 1536K, reserved 1048576K
}
Event: 8.171 GC heap after
{Heap after GC invocations=32 (full 8):
 garbage-first heap   total 81920K, used 15603K [0x0000000b6d000000, 0x0000000d6d000000)
  region size 4096K, 1 young (4096K), 1 survivors (4096K)
 Metaspace       used 13699K, committed 13888K, reserved 1114112K
  class space    used 1400K, committed 1536K, reserved 1048576K
}
Event: 8.296 GC heap before
{Heap before GC invocations=32 (full 8):
 garbage-first heap   total 81920K, used 27891K [0x0000000b6d000000, 0x0000000d6d000000)
  region size 4096K, 5 young (20480K), 1 survivors (4096K)
 Metaspace       used 13699K, committed 13888K, reserved 1114112K
  class space    used 1400K, committed 1536K, reserved 1048576K
}
Event: 8.301 GC heap after
{Heap after GC invocations=33 (full 9):
 garbage-first heap   total 57344K, used 15594K [0x0000000b6d000000, 0x0000000d6d000000)
  region size 4096K, 0 young (0K), 0 survivors (0K)
 Metaspace       used 13699K, committed 13888K, reserved 1114112K
  class space    used 1400K, committed 1536K, reserved 1048576K
}

Dll operation events (6 events):
Event: 0.003 Loaded shared library /Users/nathanspencer/Desktop/code/nstk/.venv/lib/python3.14/site-packages/jdk4py/java-runtime/lib/libjava.dylib
Event: 0.022 Loaded shared library /Users/nathanspencer/Desktop/code/nstk/.venv/lib/python3.14/site-packages/jdk4py/java-runtime/lib/libnio.dylib
Event: 0.025 Loaded shared library /Users/nathanspencer/Desktop/code/nstk/.venv/lib/python3.14/site-packages/jdk4py/java-runtime/lib/libzip.dylib
Event: 0.038 Loaded shared library /Users/nathanspencer/Desktop/code/nstk/.venv/lib/python3.14/site-packages/_jpype.cpython-314-darwin.so
Event: 0.046 Loaded shared library /Users/nathanspencer/Desktop/code/nstk/.venv/lib/python3.14/site-packages/jdk4py/java-runtime/lib/libjimage.dylib
Event: 0.197 Loaded shared library /Users/nathanspencer/Desktop/code/nstk/.venv/lib/python3.14/site-packages/jdk4py/java-runtime/lib/libnet.dylib

Deoptimization events (12 events):
Event: 0.090 Thread 0x00000007c0ff4700 DEOPT PACKING pc=0x0000000111757078 sp=0x000000016cfb4ec0
Event: 0.090 Thread 0x00000007c0ff4700 DEOPT UNPACKING pc=0x0000000111412e7c sp=0x000000016cfb4bc0 mode 3
Event: 0.233 Thread 0x00000007c0ff4700 DEOPT PACKING pc=0x000000011178982c sp=0x000000016cfb0900
Event: 0.233 Thread 0x00000007c0ff4700 DEOPT UNPACKING pc=0x0000000111412e7c sp=0x000000016cfb05f0 mode 3
Event: 0.401 Thread 0x00000007c0ff4700 DEOPT PACKING pc=0x0000000111954180 sp=0x000000016cfbda20
Event: 0.401 Thread 0x00000007c0ff4700 DEOPT UNPACKING pc=0x0000000111412e7c sp=0x000000016cfbd720 mode 3
Event: 0.405 Thread 0x00000007c0ff4700 DEOPT PACKING pc=0x0000000111931b60 sp=0x000000016cfbce20
Event: 0.405 Thread 0x00000007c0ff4700 DEOPT UNPACKING pc=0x0000000111412e7c sp=0x000000016cfbcc40 mode 3
Event: 3.138 Thread 0x00000007c0ff4700 DEOPT PACKING pc=0x00000001115e67c8 sp=0x000000016cfb4c30
Event: 3.138 Thread 0x00000007c0ff4700 DEOPT UNPACKING pc=0x0000000111412e7c sp=0x000000016cfb48e0 mode 3
Event: 3.145 Thread 0x00000007c0ff4700 DEOPT PACKING pc=0x000000011191da6c sp=0x000000016cfb8c20
Event: 3.145 Thread 0x00000007c0ff4700 DEOPT UNPACKING pc=0x0000000111412e7c sp=0x000000016cfb88c0 mode 3

Classes loaded (20 events):
Event: 7.819 Loading class java/util/DualPivotQuicksort
Event: 7.819 Loading class java/util/DualPivotQuicksort done
Event: 7.842 Loading class java/util/stream/Streams$StreamBuilderImpl
Event: 7.842 Loading class java/util/stream/Stream$Builder
Event: 7.842 Loading class java/util/stream/Stream$Builder done
Event: 7.842 Loading class java/util/stream/Streams$AbstractStreamBuilderImpl
Event: 7.842 Loading class java/util/stream/Streams$AbstractStreamBuilderImpl done
Event: 7.842 Loading class java/util/stream/Streams$StreamBuilderImpl done
Event: 7.842 Loading class java/util/stream/Streams
Event: 7.842 Loading class java/util/stream/Streams done
Event: 7.842 Loading class java/util/stream/SpinedBuffer$1Splitr
Event: 7.842 Loading class java/util/stream/SpinedBuffer$1Splitr done
Event: 7.845 Loading class java/util/stream/ReduceOps$2
Event: 7.845 Loading class java/util/stream/ReduceOps$2 done
Event: 7.846 Loading class java/util/stream/ReduceOps$2ReducingSink
Event: 7.846 Loading class java/util/stream/ReduceOps$2ReducingSink done
Event: 7.848 Loading class java/util/PriorityQueue
Event: 7.849 Loading class java/util/AbstractQueue
Event: 7.849 Loading class java/util/AbstractQueue done
Event: 7.849 Loading class java/util/PriorityQueue done

Classes unloaded (0 events):
No events

Classes redefined (0 events):
No events

Internal exceptions (20 events):
Event: 0.041 Thread 0x00000007c0ff4700 Exception <a 'java/lang/NoSuchMethodError'{0x0000000b8c842258}: 'int java.lang.invoke.DirectMethodHandle$Holder.invokeSpecial(java.lang.Object, java.lang.Object, java.lang.Object)'> (0x0000000b8c842258) 
thrown [src/hotspot/share/interpreter/linkResolver.cpp, line 773]
Event: 0.041 Thread 0x00000007c0ff4700 Exception <a 'java/lang/NoSuchMethodError'{0x0000000b8c852960}: 'java.lang.Object java.lang.invoke.DirectMethodHandle$Holder.invokeStatic(java.lang.Object, java.lang.Object, int)'> (0x0000000b8c852960) 
thrown [src/hotspot/share/interpreter/linkResolver.cpp, line 773]
Event: 0.042 Thread 0x00000007c0ff4700 Exception <a 'java/lang/NoSuchMethodError'{0x0000000b8c85e058}: 'void java.lang.invoke.DelegatingMethodHandle$Holder.delegate(java.lang.Object, java.lang.Object, int, java.lang.Object)'> (0x0000000b8c85e058) 
thrown [src/hotspot/share/interpreter/linkResolver.cpp, line 773]
Event: 0.049 Thread 0x00000007c0ff4700 Exception <a 'java/lang/NoSuchMethodError'{0x0000000b8c97ef58}: 'java.lang.Object java.lang.invoke.DirectMethodHandle$Holder.invokeInterface(java.lang.Object, java.lang.Object)'> (0x0000000b8c97ef58) 
thrown [src/hotspot/share/interpreter/linkResolver.cpp, line 773]
Event: 0.049 Thread 0x00000007c0ff4700 Exception <a 'java/lang/IncompatibleClassChangeError'{0x0000000b8c982280}: Found class java.lang.Object, but interface was expected> (0x0000000b8c982280) 
thrown [src/hotspot/share/interpreter/linkResolver.cpp, line 840]
Event: 0.058 Thread 0x00000007c0ff4700 Exception <a 'java/lang/NoSuchMethodError'{0x0000000b8ca7fcb8}: method resolution failed> (0x0000000b8ca7fcb8) 
thrown [src/hotspot/share/prims/methodHandles.cpp, line 1144]
Event: 0.058 Thread 0x00000007c0ff4700 Exception <a 'java/lang/NoSuchMethodError'{0x0000000b8ca89660}: 'java.lang.Object java.lang.invoke.Invokers$Holder.invokeExact_MT(java.lang.Object, java.lang.Object, java.lang.Object, java.lang.Object, java.lang.Object)'> (0x0000000b8ca89660) 
thrown [src/hotspot/share/interpreter/linkResolver.cpp, line 773]
Event: 0.102 Thread 0x00000007c0ff4700 Exception <a 'java/lang/NoSuchMethodError'{0x0000000b6eb15f78}: 'void java.lang.invoke.DirectMethodHandle$Holder.invokeStatic(java.lang.Object, java.lang.Object, java.lang.Object)'> (0x0000000b6eb15f78) 
thrown [src/hotspot/share/interpreter/linkResolver.cpp, line 773]
Event: 0.203 Thread 0x00000007c0ff4700 Exception <a 'java/lang/NoSuchMethodError'{0x0000000b7062c3a0}: 'java.lang.Object java.lang.invoke.DirectMethodHandle$Holder.invokeStatic(java.lang.Object, int, java.lang.Object)'> (0x0000000b7062c3a0) 
thrown [src/hotspot/share/interpreter/linkResolver.cpp, line 773]
Event: 0.246 Thread 0x00000007c0ff4700 Exception <a 'java/lang/NoSuchMethodError'{0x0000000b6f6dab60}: 'int java.lang.invoke.DirectMethodHandle$Holder.invokeVirtual(java.lang.Object, java.lang.Object, java.lang.Object)'> (0x0000000b6f6dab60) 
thrown [src/hotspot/share/interpreter/linkResolver.cpp, line 773]
Event: 0.250 Thread 0x00000007c0ff4700 Exception <a 'java/lang/NoSuchMethodError'{0x0000000b6f796158}: 'java.lang.Object java.lang.invoke.Invokers$Holder.invokeExact_MT(java.lang.Object, java.lang.Object, java.lang.Object, java.lang.Object, java.lang.Object, java.lang.Object)'> (0x0000000b6f796158) 
thrown [src/hotspot/share/interpreter/linkResolver.cpp, line 773]
Event: 0.273 Thread 0x00000007c0ff4700 Exception <a 'java/lang/NoSuchMethodError'{0x0000000b6ed79e68}: 'int java.lang.invoke.DirectMethodHandle$Holder.invokeSpecial(java.lang.Object, java.lang.Object, int)'> (0x0000000b6ed79e68) 
thrown [src/hotspot/share/interpreter/linkResolver.cpp, line 773]
Event: 0.359 Thread 0x00000007c0ff4700 Exception <a 'java/lang/NoSuchMethodError'{0x0000000b6ee31f60}: 'double java.lang.invoke.DirectMethodHandle$Holder.invokeVirtual(java.lang.Object, java.lang.Object)'> (0x0000000b6ee31f60) 
thrown [src/hotspot/share/interpreter/linkResolver.cpp, line 773]
Event: 0.424 Thread 0x00000007c0ff4700 Exception <a 'java/lang/NoSuchMethodError'{0x0000000b704adf10}: 'java.lang.Object java.lang.invoke.DirectMethodHandle$Holder.invokeSpecial(java.lang.Object, java.lang.Object, java.lang.Object, int, java.lang.Object)'> (0x0000000b704adf10) 
thrown [src/hotspot/share/interpreter/linkResolver.cpp, line 773]
Event: 0.424 Thread 0x00000007c0ff4700 Exception <a 'java/lang/NoSuchMethodError'{0x0000000b704b4f68}: 'java.lang.Object java.lang.invoke.DirectMethodHandle$Holder.newInvokeSpecial(java.lang.Object, java.lang.Object, java.lang.Object, int)'> (0x0000000b704b4f68) 
thrown [src/hotspot/share/interpreter/linkResolver.cpp, line 773]
Event: 0.424 Thread 0x00000007c0ff4700 Exception <a 'java/lang/NoSuchMethodError'{0x0000000b704b8f00}: 'java.lang.Object java.lang.invoke.DirectMethodHandle$Holder.invokeSpecial(java.lang.Object, java.lang.Object, java.lang.Object, java.lang.Object, int)'> (0x0000000b704b8f00) 
thrown [src/hotspot/share/interpreter/linkResolver.cpp, line 773]
Event: 0.424 Thread 0x00000007c0ff4700 Exception <a 'java/lang/NoSuchMethodError'{0x0000000b704bc5b8}: 'java.lang.Object java.lang.invoke.Invokers$Holder.linkToTargetMethod(java.lang.Object, java.lang.Object, int, java.lang.Object)'> (0x0000000b704bc5b8) 
thrown [src/hotspot/share/interpreter/linkResolver.cpp, line 773]
Event: 7.822 Thread 0x00000007c0ff4700 Exception <a 'java/lang/NoSuchMethodError'{0x0000000b73455658}: 'java.lang.Object java.lang.invoke.DirectMethodHandle$Holder.newInvokeSpecial(java.lang.Object, java.lang.Object, java.lang.Object, java.lang.Object, java.lang.Object, java.lang.Object, java.lang.Object)'> (0x0000000b73455658) 
thrown [src/hotspot/share/interpreter/linkResolver.cpp, line 773]
Event: 7.842 Thread 0x00000007c0ff4700 Exception <a 'java/lang/NoSuchMethodError'{0x0000000b720457d8}: 'void java.lang.invoke.DirectMethodHandle$Holder.invokeStatic(java.lang.Object, java.lang.Object, java.lang.Object, java.lang.Object)'> (0x0000000b720457d8) 
thrown [src/hotspot/share/interpreter/linkResolver.cpp, line 773]
Event: 7.862 Thread 0x00000007c0ff4700 Exception <a 'java/lang/NoSuchMethodError'{0x0000000b70cbdbe0}: 'java.lang.Object java.lang.invoke.DirectMethodHandle$Holder.newInvokeSpecial(java.lang.Object, java.lang.Object, java.lang.Object, java.lang.Object, java.lang.Object)'> (0x0000000b70cbdbe0) 
thrown [src/hotspot/share/interpreter/linkResolver.cpp, line 773]

ZGC Phase Switch (0 events):
No events

VM Operations (20 events):
Event: 7.978 Executing VM operation: G1CollectForAllocation (G1 Evacuation Pause)
Event: 7.978 Executing VM operation: G1CollectForAllocation (G1 Evacuation Pause) done
Event: 7.985 Executing VM operation: G1CollectForAllocation (G1 Evacuation Pause)
Event: 7.986 Executing VM operation: G1CollectForAllocation (G1 Evacuation Pause) done
Event: 8.019 Executing VM operation: G1CollectForAllocation (G1 Evacuation Pause)
Event: 8.019 Executing VM operation: G1CollectForAllocation (G1 Evacuation Pause) done
Event: 8.040 Executing VM operation: G1CollectFull (System.gc())
Event: 8.044 Executing VM operation: G1CollectFull (System.gc()) done
Event: 8.080 Executing VM operation: G1CollectForAllocation (G1 Evacuation Pause)
Event: 8.080 Executing VM operation: G1CollectForAllocation (G1 Evacuation Pause) done
Event: 8.110 Executing VM operation: G1CollectForAllocation (G1 Evacuation Pause)
Event: 8.110 Executing VM operation: G1CollectForAllocation (G1 Evacuation Pause) done
Event: 8.136 Executing VM operation: G1CollectForAllocation (G1 Evacuation Pause)
Event: 8.136 Executing VM operation: G1CollectForAllocation (G1 Evacuation Pause) done
Event: 8.158 Executing VM operation: G1CollectForAllocation (G1 Evacuation Pause)
Event: 8.158 Executing VM operation: G1CollectForAllocation (G1 Evacuation Pause) done
Event: 8.170 Executing VM operation: G1CollectForAllocation (G1 Evacuation Pause)
Event: 8.171 Executing VM operation: G1CollectForAllocation (G1 Evacuation Pause) done
Event: 8.296 Executing VM operation: G1CollectFull (System.gc())
Event: 8.301 Executing VM operation: G1CollectFull (System.gc()) done

Memory protections (19 events):
Event: 0.002 Protecting memory [0x000000016bfc8000,0x000000016bfd4000] with protection modes 0
Event: 0.004 Protecting memory [0x0000000b6c800000,0x0000000b6d000000] with protection modes 0
Event: 0.013 Protecting memory [0x0000000172f74000,0x0000000172f80000] with protection modes 0
Event: 0.013 Protecting memory [0x0000000173180000,0x000000017318c000] with protection modes 0
Event: 0.013 Protecting memory [0x000000017338c000,0x0000000173398000] with protection modes 0
Event: 0.013 Protecting memory [0x0000000173598000,0x00000001735a4000] with protection modes 0
Event: 0.013 Protecting memory [0x00000001737a4000,0x00000001737b0000] with protection modes 0
Event: 0.013 Protecting memory [0x00000001739b0000,0x00000001739bc000] with protection modes 0
Event: 0.019 Protecting memory [0x0000000173bbc000,0x0000000173bc8000] with protection modes 0
Event: 0.019 Protecting memory [0x0000000173dc8000,0x0000000173dd4000] with protection modes 0
Event: 0.020 Protecting memory [0x0000000173fd4000,0x0000000173fe0000] with protection modes 0
Event: 0.043 Protecting memory [0x0000000108ecc000,0x0000000108ed0000] with protection modes 1
Event: 0.045 Protecting memory [0x00000001741e0000,0x00000001741ec000] with protection modes 0
Event: 0.061 Protecting memory [0x00000001743ec000,0x00000001743f8000] with protection modes 0
Event: 0.061 Protecting memory [0x00000001745f8000,0x0000000174604000] with protection modes 0
Event: 7.812 Protecting memory [0x00000001745f8000,0x0000000174604000] with protection modes 3
Event: 7.812 Protecting memory [0x00000001743ec000,0x00000001743f8000] with protection modes 3
Event: 7.884 Protecting memory [0x00000001743ec000,0x00000001743f8000] with protection modes 0
Event: 7.884 Protecting memory [0x00000001745f8000,0x0000000174604000] with protection modes 0

Nmethod flushes (20 events):
Event: 8.042 Thread 0x00000007c2b88800 flushing  nmethod 0x000000011187e790
Event: 8.042 Thread 0x00000007c2b88800 flushing  nmethod 0x000000011187ea90
Event: 8.042 Thread 0x00000007c2b88800 flushing  nmethod 0x0000000111883d90
Event: 8.042 Thread 0x00000007c2b88800 flushing  nmethod 0x0000000111887e90
Event: 8.042 Thread 0x00000007c2b88800 flushing  nmethod 0x00000001118ad110
Event: 8.042 Thread 0x00000007c2b88800 flushing  nmethod 0x00000001118ad410
Event: 8.042 Thread 0x00000007c2b88800 flushing  nmethod 0x00000001118b0f90
Event: 8.042 Thread 0x00000007c2b88800 flushing  nmethod 0x00000001118b1290
Event: 8.042 Thread 0x00000007c2b88800 flushing  nmethod 0x00000001118e8c10
Event: 8.042 Thread 0x00000007c2b88800 flushing  nmethod 0x00000001118e9a10
Event: 8.042 Thread 0x00000007c2b88800 flushing  nmethod 0x00000001118e9e10
Event: 8.042 Thread 0x00000007c2b88800 flushing  nmethod 0x00000001118ecf10
Event: 8.042 Thread 0x00000007c2b88800 flushing  nmethod 0x00000001118f5810
Event: 8.042 Thread 0x00000007c2b88800 flushing  nmethod 0x0000000111906f10
Event: 8.042 Thread 0x00000007c2b88800 flushing  nmethod 0x000000011190c810
Event: 8.042 Thread 0x00000007c2b88800 flushing  nmethod 0x0000000111934990
Event: 8.042 Thread 0x00000007c2b88800 flushing  nmethod 0x0000000111934d10
Event: 8.042 Thread 0x00000007c2b88800 flushing  nmethod 0x000000011193cf90
Event: 8.042 Thread 0x00000007c2b88800 flushing  nmethod 0x000000011193d390
Event: 8.042 Thread 0x00000007c2b88800 flushing  nmethod 0x000000011193d690

Events (17 events):
Event: 0.004 Thread 0x00000007c0ff4700 Thread added: 0x00000007c0ff4700
Event: 0.013 Thread 0x00000007c0ff4700 Thread added: 0x00000007c0ff5c00
Event: 0.013 Thread 0x00000007c0ff4700 Thread added: 0x00000007c0ff6300
Event: 0.013 Thread 0x00000007c0ff4700 Thread added: 0x00000007c0ff6a00
Event: 0.013 Thread 0x00000007c0ff4700 Thread added: 0x00000007c0ff7100
Event: 0.013 Thread 0x00000007c0ff4700 Thread added: 0x00000007c0ff7800
Event: 0.013 Thread 0x00000007c0ff4700 Thread added: 0x00000007c0ff2800
Event: 0.019 Thread 0x00000007c0ff2800 Thread added: 0x00000007c0ff3000
Event: 0.019 Thread 0x00000007c0ff4700 Thread added: 0x00000007be4b0000
Event: 0.020 Thread 0x00000007c0ff4700 Thread added: 0x00000007be4b0700
Event: 0.045 Thread 0x00000007c0ff4700 Thread added: 0x00000007be4b0e00
Event: 0.061 Thread 0x00000007c0ff2800 Thread added: 0x00000007be4b4800
Event: 0.061 Thread 0x00000007c0ff2800 Thread added: 0x00000007be4b5000
Event: 7.812 Thread 0x00000007be4b5000 Thread exited: 0x00000007be4b5000
Event: 7.812 Thread 0x00000007be4b4800 Thread exited: 0x00000007be4b4800
Event: 7.884 Thread 0x00000007c0ff3000 Thread added: 0x00000007be4b5000
Event: 7.884 Thread 0x00000007c0ff3000 Thread added: 0x00000007be4b5800


Dynamic libraries:
0x0000000104024000 	/Library/Frameworks/Python.framework/Versions/3.14/Python
0x0000000190397000 	/System/Library/Frameworks/CoreFoundation.framework/Versions/A/CoreFoundation
0x000000018fef4000 	/usr/lib/libobjc.A.dylib
0x000000019462e000 	/System/Library/PrivateFrameworks/CoreServicesInternal.framework/Versions/A/CoreServicesInternal
0x0000000191c03000 	/System/Library/Frameworks/Foundation.framework/Versions/C/Foundation
0x00000001a0147000 	/usr/lib/liboah.dylib
0x00000001a017c000 	/usr/lib/libfakelink.dylib
0x0000000194056000 	/usr/lib/libicucore.A.dylib
0x00000001a017a000 	/usr/lib/libSystem.B.dylib
0x00000001a017e000 	/System/Library/PrivateFrameworks/SoftLinking.framework/Versions/A/SoftLinking
0x00000001a39e3000 	/usr/lib/swift/libswiftCore.dylib
0x00000001902f8000 	/usr/lib/libc++abi.dylib
0x0000000292a5d000 	/usr/lib/libRosetta.dylib
0x0000000190267000 	/usr/lib/libc++.1.dylib
0x00000001ad541000 	/usr/lib/swift/libswiftObjectiveC.dylib
0x0000000293fa5000 	/usr/lib/libswiftPrespecialized.dylib
0x0000000191872000 	/System/Library/Frameworks/SystemConfiguration.framework/Versions/A/SystemConfiguration
0x00000001a00c4000 	/usr/lib/libz.1.dylib
0x000000019abd6000 	/System/Library/PrivateFrameworks/CoreAutoLayout.framework/Versions/A/CoreAutoLayout
0x00000001a03a2000 	/usr/lib/libcompression.dylib
0x00000001966ac000 	/System/Library/Frameworks/CFNetwork.framework/Versions/A/CFNetwork
0x000000019a006000 	/System/Library/Frameworks/DiskArbitration.framework/Versions/A/DiskArbitration
0x00000001a01cf000 	/usr/lib/libarchive.2.dylib
0x0000000199f0b000 	/usr/lib/libDiagnosticMessagesClient.dylib
0x000000019ac1f000 	/usr/lib/libxml2.2.dylib
0x00000001a880e000 	/System/Library/Frameworks/CoreServices.framework/Versions/A/CoreServices
0x000000019dd77000 	/usr/lib/liblangid.dylib
0x00000001946ae000 	/System/Library/Frameworks/IOKit.framework/Versions/A/IOKit
0x00000001a64c7000 	/System/Library/Frameworks/Combine.framework/Versions/A/Combine
0x000000024863f000 	/System/Library/PrivateFrameworks/CollectionsInternal.framework/Versions/A/CollectionsInternal
0x0000000273f51000 	/System/Library/PrivateFrameworks/ReflectionInternal.framework/Versions/A/ReflectionInternal
0x0000000274e99000 	/System/Library/PrivateFrameworks/RuntimeInternal.framework/Versions/A/RuntimeInternal
0x00000001bd56c000 	/usr/lib/swift/libswiftCoreFoundation.dylib
0x00000001ba416000 	/usr/lib/swift/libswiftDarwin.dylib
0x00000001aa56e000 	/usr/lib/swift/libswiftDispatch.dylib
0x00000001bd5cd000 	/usr/lib/swift/libswiftIOKit.dylib
0x00000002943e7000 	/usr/lib/swift/libswiftSystem.dylib
0x00000001bd57f000 	/usr/lib/swift/libswiftXPC.dylib
0x0000000294419000 	/usr/lib/swift/libswift_Builtin_float.dylib
0x000000029441a000 	/usr/lib/swift/libswift_Concurrency.dylib
0x00000002944a6000 	/usr/lib/swift/libswift_DarwinFoundation1.dylib
0x000000029454a000 	/usr/lib/swift/libswift_StringProcessing.dylib
0x00000001ad545000 	/usr/lib/swift/libswiftos.dylib
0x00000001986c2000 	/System/Library/Frameworks/Network.framework/Versions/A/Network
0x000000019dd72000 	/System/Library/PrivateFrameworks/AppleSystemInfo.framework/Versions/A/AppleSystemInfo
0x0000000193c38000 	/System/Library/Frameworks/Security.framework/Versions/A/Security
0x000000019f3d7000 	/usr/lib/libbsm.0.dylib
0x000000019822e000 	/System/Library/PrivateFrameworks/ProtocolBuffer.framework/Versions/A/ProtocolBuffer
0x0000000199edb000 	/System/Library/PrivateFrameworks/CoreAnalytics.framework/Versions/A/CoreAnalytics
0x00000001bd42e000 	/System/Library/PrivateFrameworks/LoggingSupport.framework/Versions/A/LoggingSupport
0x00000001a4778000 	/System/Library/PrivateFrameworks/MobileAsset.framework/Versions/A/MobileAsset
0x00000001a9992000 	/System/Library/PrivateFrameworks/PowerLog.framework/Versions/A/PowerLog
0x00000001985c7000 	/System/Library/PrivateFrameworks/RunningBoardServices.framework/Versions/A/RunningBoardServices
0x000000023c96b000 	/System/Library/Frameworks/SwiftData.framework/Versions/A/SwiftData
0x00000001960e2000 	/System/Library/Frameworks/UniformTypeIdentifiers.framework/Versions/A/UniformTypeIdentifiers
0x000000019adc8000 	/System/Library/PrivateFrameworks/UserManagement.framework/Versions/A/UserManagement
0x00000001965d3000 	/usr/lib/libboringssl.dylib
0x00000001986a7000 	/usr/lib/libdns_services.dylib
0x00000001bc469000 	/usr/lib/libquic.dylib
0x00000001a3974000 	/usr/lib/libusrtcp.dylib
0x0000000196a7e000 	/usr/lib/libMobileGestalt.dylib
0x00000001a035a000 	/usr/lib/libapple_nghttp2.dylib
0x00000001a16be000 	/usr/lib/libcoretls_cfhelpers.dylib
0x000000019824a000 	/usr/lib/libsqlite3.dylib
0x0000000244b5a000 	/System/Library/PrivateFrameworks/AtomicsInternal.framework/Versions/A/AtomicsInternal
0x00000001e3624000 	/System/Library/PrivateFrameworks/InternalSwiftProtobuf.framework/Versions/A/InternalSwiftProtobuf
0x000000029426e000 	/usr/lib/swift/libswiftDistributed.dylib
0x0000000294297000 	/usr/lib/swift/libswiftObservation.dylib
0x00000002943d3000 	/usr/lib/swift/libswiftSynchronization.dylib
0x00000001a0174000 	/usr/lib/system/libcache.dylib
0x00000001a012f000 	/usr/lib/system/libcommonCrypto.dylib
0x00000001a015a000 	/usr/lib/system/libcompiler_rt.dylib
0x00000001a014f000 	/usr/lib/system/libcopyfile.dylib
0x000000019009c000 	/usr/lib/system/libcorecrypto.dylib
0x000000019019b000 	/usr/lib/system/libdispatch.dylib
0x000000018ff47000 	/usr/lib/system/libdyld.dylib
0x00000001a016a000 	/usr/lib/system/libkeymgr.dylib
0x00000001a0112000 	/usr/lib/system/libmacho.dylib
0x000000019f3af000 	/usr/lib/system/libquarantine.dylib
0x00000001a0167000 	/usr/lib/system/libremovefile.dylib
0x0000000196afe000 	/usr/lib/system/libsystem_asl.dylib
0x0000000190022000 	/usr/lib/system/libsystem_blocks.dylib
0x00000001901e6000 	/usr/lib/system/libsystem_c.dylib
0x00000001a015e000 	/usr/lib/system/libsystem_collections.dylib
0x000000019dd64000 	/usr/lib/system/libsystem_configuration.dylib
0x000000019c954000 	/usr/lib/system/libsystem_containermanager.dylib
0x000000019fb4e000 	/usr/lib/system/libsystem_coreservices.dylib
0x000000019432c000 	/usr/lib/system/libsystem_darwin.dylib
0x000000029473a000 	/usr/lib/system/libsystem_darwindirectory.dylib
0x00000001a016b000 	/usr/lib/system/libsystem_dnssd.dylib
0x000000029473e000 	/usr/lib/system/libsystem_eligibility.dylib
0x00000001901e3000 	/usr/lib/system/libsystem_featureflags.dylib
0x0000000190367000 	/usr/lib/system/libsystem_info.dylib
0x00000001a00d3000 	/usr/lib/system/libsystem_m.dylib
0x000000019014a000 	/usr/lib/system/libsystem_malloc.dylib
0x0000000196a61000 	/usr/lib/system/libsystem_networkextension.dylib
0x0000000194797000 	/usr/lib/system/libsystem_notify.dylib
0x000000019dd69000 	/usr/lib/system/libsystem_sandbox.dylib
0x0000000294748000 	/usr/lib/system/libsystem_sanitizers.dylib
0x00000001a0163000 	/usr/lib/system/libsystem_secinit.dylib
0x0000000190313000 	/usr/lib/system/libsystem_kernel.dylib
0x000000019035e000 	/usr/lib/system/libsystem_platform.dylib
0x0000000190351000 	/usr/lib/system/libsystem_pthread.dylib
0x00000001986b9000 	/usr/lib/system/libsystem_symptoms.dylib
0x000000019007b000 	/usr/lib/system/libsystem_trace.dylib
0x0000000294750000 	/usr/lib/system/libsystem_trial.dylib
0x00000001a013d000 	/usr/lib/system/libunwind.dylib
0x0000000190026000 	/usr/lib/system/libxpc.dylib
0x000000019f372000 	/System/Library/PrivateFrameworks/BackgroundTaskManagement.framework/Versions/A/BackgroundTaskManagement
0x0000000243ca6000 	/System/Library/PrivateFrameworks/AppleKeyStore.framework/Versions/A/AppleKeyStore
0x000000029275f000 	/usr/lib/libCoreEntitlements.dylib
0x00000002687cf000 	/System/Library/PrivateFrameworks/MessageSecurity.framework/Versions/A/MessageSecurity
0x00000001a9982000 	/System/Library/PrivateFrameworks/SymptomDiagnosticReporter.framework/Versions/A/SymptomDiagnosticReporter
0x00000001a188d000 	/System/Library/PrivateFrameworks/CrashReporterSupport.framework/Versions/A/CrashReporterSupport
0x000000019fb35000 	/System/Library/PrivateFrameworks/AppleFSCompression.framework/Versions/A/AppleFSCompression
0x000000019f3bf000 	/usr/lib/libcoretls.dylib
0x00000001a039c000 	/usr/lib/libpam.2.dylib
0x00000001a1734000 	/usr/lib/libxar.1.dylib
0x00000001a16c0000 	/System/Library/PrivateFrameworks/APFS.framework/Versions/A/APFS
0x00000002805ac000 	/System/Library/PrivateFrameworks/SwiftASN1Internal.framework/Versions/A/SwiftASN1Internal
0x00000001a1743000 	/usr/lib/libutil.dylib
0x0000000196a7c000 	/usr/lib/libenergytrace.dylib
0x00000001a0116000 	/usr/lib/system/libkxld.dylib
0x000000019f087000 	/System/Library/PrivateFrameworks/IOMobileFramebuffer.framework/Versions/A/IOMobileFramebuffer
0x000000019c98d000 	/System/Library/Frameworks/IOSurface.framework/Versions/A/IOSurface
0x00000001a1aff000 	/usr/lib/libheimdal-asn1.dylib
0x00000001a0336000 	/System/Library/PrivateFrameworks/AppleSauce.framework/Versions/A/AppleSauce
0x000000019f2df000 	/System/Library/Frameworks/SecurityFoundation.framework/Versions/A/SecurityFoundation
0x000000019f2b8000 	/System/Library/PrivateFrameworks/MobileKeyBag.framework/Versions/A/MobileKeyBag
0x00000001a48ee000 	/System/Library/PrivateFrameworks/CorePhoneNumbers.framework/Versions/A/CorePhoneNumbers
0x00000001aca73000 	/System/Library/PrivateFrameworks/RemoteServiceDiscovery.framework/Versions/A/RemoteServiceDiscovery
0x000000019dd70000 	/System/Library/PrivateFrameworks/AggregateDictionary.framework/Versions/A/AggregateDictionary
0x00000001aca8a000 	/System/Library/PrivateFrameworks/RemoteXPC.framework/Versions/A/RemoteXPC
0x00000001cc3eb000 	/usr/lib/libFDR.dylib
0x00000001d238e000 	/usr/lib/libamsupport.dylib
0x0000000292a55000 	/usr/lib/libReverseProxyDevice.dylib
0x00000001c4654000 	/System/Library/PrivateFrameworks/MSUDataAccessor.framework/Versions/A/MSUDataAccessor
0x000000024351b000 	/System/Library/PrivateFrameworks/AppleDeviceQuerySupport.framework/Versions/A/AppleDeviceQuerySupport
0x00000001acbbb000 	/System/Library/PrivateFrameworks/AppSupport.framework/Versions/A/AppSupport
0x00000001970ef000 	/System/Library/Frameworks/CoreGraphics.framework/Versions/A/CoreGraphics
0x00000001a4715000 	/System/Library/Frameworks/GSS.framework/Versions/A/GSS
0x00000001ad4c9000 	/System/Library/PrivateFrameworks/StreamingZip.framework/Versions/A/StreamingZip
0x00000001a169f000 	/usr/lib/liblzma.5.dylib
0x000000019ab9b000 	/System/Library/Frameworks/CoreServices.framework/Versions/A/Frameworks/FSEvents.framework/Versions/A/FSEvents
0x0000000194336000 	/System/Library/Frameworks/CoreServices.framework/Versions/A/Frameworks/CarbonCore.framework/Versions/A/CarbonCore
0x0000000199f7a000 	/System/Library/Frameworks/CoreServices.framework/Versions/A/Frameworks/Metadata.framework/Versions/A/Metadata
0x000000019fb55000 	/System/Library/Frameworks/CoreServices.framework/Versions/A/Frameworks/OSServices.framework/Versions/A/OSServices
0x00000001a02c7000 	/System/Library/Frameworks/CoreServices.framework/Versions/A/Frameworks/SearchKit.framework/Versions/A/SearchKit
0x0000000198633000 	/System/Library/Frameworks/CoreServices.framework/Versions/A/Frameworks/AE.framework/Versions/A/AE
0x00000001908f5000 	/System/Library/Frameworks/CoreServices.framework/Versions/A/Frameworks/LaunchServices.framework/Versions/A/LaunchServices
0x00000001a1648000 	/System/Library/Frameworks/CoreServices.framework/Versions/A/Frameworks/DictionaryServices.framework/Versions/A/DictionaryServices
0x000000019aba8000 	/System/Library/Frameworks/CoreServices.framework/Versions/A/Frameworks/SharedFileList.framework/Versions/A/SharedFileList
0x000000019f3b3000 	/usr/lib/libCheckFix.dylib
0x0000000196b16000 	/System/Library/PrivateFrameworks/TCC.framework/Versions/A/TCC
0x000000019dd79000 	/System/Library/PrivateFrameworks/CoreNLP.framework/Versions/A/CoreNLP
0x0000000199f0d000 	/System/Library/PrivateFrameworks/MetadataUtilities.framework/Versions/A/MetadataUtilities
0x00000001a8a8d000 	/System/Library/Frameworks/Accelerate.framework/Versions/A/Accelerate
0x000000019f3e9000 	/usr/lib/libmecab.dylib
0x0000000191906000 	/usr/lib/libCRFSuite.dylib
0x000000019f448000 	/usr/lib/libgermantok.dylib
0x00000001a032d000 	/usr/lib/libThaiTokenizer.dylib
0x000000019a010000 	/System/Library/Frameworks/Accelerate.framework/Versions/A/Frameworks/vImage.framework/Versions/A/vImage
0x00000001a87e9000 	/System/Library/Frameworks/Accelerate.framework/Versions/A/Frameworks/vecLib.framework/Versions/A/vecLib
0x00000001a177a000 	/System/Library/Frameworks/Accelerate.framework/Versions/A/Frameworks/vecLib.framework/Versions/A/libvMisc.dylib
0x0000000190df9000 	/System/Library/Frameworks/Accelerate.framework/Versions/A/Frameworks/vecLib.framework/Versions/A/libBLAS.dylib
0x000000019ad06000 	/System/Library/Frameworks/CoreVideo.framework/Versions/A/CoreVideo
0x0000000197844000 	/System/Library/Frameworks/ColorSync.framework/Versions/A/ColorSync
0x0000000193279000 	/System/Library/Frameworks/CoreText.framework/Versions/A/CoreText
0x000000019d480000 	/System/Library/Frameworks/ImageIO.framework/Versions/A/ImageIO
0x0000000196b3a000 	/System/Library/PrivateFrameworks/SkyLight.framework/Versions/A/SkyLight
0x000000019ce5b000 	/System/Library/PrivateFrameworks/FontServices.framework/libFontParser.dylib
0x0000000245316000 	/System/Library/PrivateFrameworks/BiomeLibrary.framework/Versions/A/BiomeLibrary
0x00000001984d5000 	/System/Library/PrivateFrameworks/BaseBoard.framework/Versions/A/BaseBoard
0x00000001aa8cf000 	/System/Library/PrivateFrameworks/BoardServices.framework/Versions/A/BoardServices
0x00000001ac79b000 	/System/Library/PrivateFrameworks/BackBoardServices.framework/Versions/A/BackBoardServices
0x000000024521b000 	/System/Library/PrivateFrameworks/BackBoardHIDEventFoundation.framework/Versions/A/BackBoardHIDEventFoundation
0x0000000192d95000 	/System/Library/Frameworks/CoreDisplay.framework/Versions/A/CoreDisplay
0x00000001a2359000 	/System/Library/Frameworks/VideoToolbox.framework/Versions/A/VideoToolbox
0x00000001a039a000 	/System/Library/Frameworks/MetalPerformanceShaders.framework/Versions/A/MetalPerformanceShaders
0x0000000272e7d000 	/System/Library/PrivateFrameworks/ProDisplayLibrary.framework/Versions/A/ProDisplayLibrary
0x00000001b05ba000 	/System/Library/PrivateFrameworks/IOSurfaceAccelerator.framework/Versions/A/IOSurfaceAccelerator
0x000000019c9b5000 	/System/Library/Frameworks/Metal.framework/Versions/A/Metal
0x000000019c9aa000 	/System/Library/PrivateFrameworks/IOAccelerator.framework/Versions/A/IOAccelerator
0x000000019ccb9000 	/System/Library/Frameworks/CoreMedia.framework/Versions/A/CoreMedia
0x00000001a2311000 	/System/Library/PrivateFrameworks/WatchdogClient.framework/Versions/A/WatchdogClient
0x000000019a435000 	/System/Library/Frameworks/QuartzCore.framework/Versions/A/QuartzCore
0x00000001a2313000 	/System/Library/PrivateFrameworks/MultitouchSupport.framework/Versions/A/MultitouchSupport
0x00000001d5332000 	/usr/lib/swift/libswiftAccelerate.dylib
0x00000001bd54c000 	/usr/lib/swift/libswiftCoreAudio.dylib
0x00000001d949b000 	/usr/lib/swift/libswiftCoreMedia.dylib
0x00000001cb4b9000 	/usr/lib/swift/libswiftMetal.dylib
0x00000001dac49000 	/usr/lib/swift/libswiftOSLog.dylib
0x00000001d089a000 	/usr/lib/swift/libswiftQuartzCore.dylib
0x00000001d5322000 	/usr/lib/swift/libswiftUniformTypeIdentifiers.dylib
0x0000000294401000 	/usr/lib/swift/libswiftVideoToolbox.dylib
0x00000001c10a7000 	/usr/lib/swift/libswiftsimd.dylib
0x00000001cc517000 	/System/Library/PrivateFrameworks/BiomeStreams.framework/Versions/A/BiomeStreams
0x00000001d27ed000 	/System/Library/PrivateFrameworks/BiomeStorage.framework/Versions/A/BiomeStorage
0x00000001c8599000 	/System/Library/PrivateFrameworks/BiomeFoundation.framework/Versions/A/BiomeFoundation
0x0000000261520000 	/System/Library/PrivateFrameworks/IntelligencePlatformLibrary.framework/Versions/A/IntelligencePlatformLibrary
0x0000000271c45000 	/System/Library/PrivateFrameworks/PoirotSchematizer.framework/Versions/A/PoirotSchematizer
0x0000000245bc4000 	/System/Library/PrivateFrameworks/BiomeSync.framework/Versions/A/BiomeSync
0x00000002452fc000 	/System/Library/PrivateFrameworks/BiomeDSL.framework/Versions/A/BiomeDSL
0x00000001d278c000 	/System/Library/PrivateFrameworks/BiomePubSub.framework/Versions/A/BiomePubSub
0x00000001ae4ac000 	/System/Library/PrivateFrameworks/ProactiveSupport.framework/Versions/A/ProactiveSupport
0x00000001eb75a000 	/System/Library/PrivateFrameworks/FeatureFlags.framework/Versions/A/FeatureFlags
0x0000000271cb3000 	/System/Library/PrivateFrameworks/PoirotUDFs.framework/Versions/A/PoirotUDFs
0x00000002944a9000 	/usr/lib/swift/libswift_DarwinFoundation2.dylib
0x00000002944aa000 	/usr/lib/swift/libswift_DarwinFoundation3.dylib
0x00000001aae43000 	/System/Library/PrivateFrameworks/CoreTime.framework/Versions/A/CoreTime
0x00000001acecf000 	/System/Library/PrivateFrameworks/InternationalTextSearch.framework/Versions/A/InternationalTextSearch
0x00000001c4a7e000 	/System/Library/PrivateFrameworks/SoftwareUpdateCoreSupport.framework/Versions/A/SoftwareUpdateCoreSupport
0x00000001ccfb5000 	/System/Library/PrivateFrameworks/SoftwareUpdateCoreConnect.framework/Versions/A/SoftwareUpdateCoreConnect
0x00000001bf5f9000 	/usr/lib/libbootpolicy.dylib
0x00000001d554a000 	/usr/lib/libpartition2_dynamic.dylib
0x000000029260a000 	/usr/lib/libAppleArchive.dylib
0x000000019fb41000 	/usr/lib/libbz2.1.0.dylib
0x00000001cf404000 	/System/Library/PrivateFrameworks/OSAnalytics.framework/Versions/A/OSAnalytics
0x000000024f93b000 	/System/Library/PrivateFrameworks/DeviceRecovery.framework/Versions/A/DeviceRecovery
0x00000001aace7000 	/System/Library/PrivateFrameworks/CoreSymbolication.framework/Versions/A/CoreSymbolication
0x00000001ded0f000 	/System/Library/PrivateFrameworks/Symbolication.framework/Versions/A/Symbolication
0x00000001aacc5000 	/System/Library/PrivateFrameworks/DebugSymbols.framework/Versions/A/DebugSymbols
0x00000001bd4bd000 	/System/Library/PrivateFrameworks/MallocStackLogging.framework/Versions/A/MallocStackLogging
0x00000002944ab000 	/usr/lib/swift/libswift_RegexParser.dylib
0x00000001a01b4000 	/usr/lib/libiconv.2.dylib
0x00000001a0111000 	/usr/lib/libcharset.1.dylib
0x0000000271c08000 	/System/Library/PrivateFrameworks/PoirotSQLite.framework/Versions/A/PoirotSQLite
0x00000002471f2000 	/System/Library/PrivateFrameworks/CascadeSets.framework/Versions/A/CascadeSets
0x00000001a210b000 	/System/Library/PrivateFrameworks/AppleJPEG.framework/Versions/A/AppleJPEG
0x00000001a1ae4000 	/usr/lib/libexpat.1.dylib
0x00000001a28d6000 	/System/Library/Frameworks/ImageIO.framework/Versions/A/Resources/libPng.dylib
0x00000001a2901000 	/System/Library/Frameworks/ImageIO.framework/Versions/A/Resources/libTIFF.dylib
0x00000001a29e9000 	/System/Library/Frameworks/ImageIO.framework/Versions/A/Resources/libGIF.dylib
0x00000001a2150000 	/System/Library/Frameworks/ImageIO.framework/Versions/A/Resources/libJP2.dylib
0x00000001a17f4000 	/usr/lib/libate.dylib
0x00000001a2990000 	/System/Library/Frameworks/ImageIO.framework/Versions/A/Resources/libJPEG.dylib
0x00000001a2987000 	/System/Library/Frameworks/ImageIO.framework/Versions/A/Resources/libRadiance.dylib
0x0000000257269000 	/System/Library/PrivateFrameworks/GPUCompiler.framework/Versions/32023/Libraries/libllvm-flatbuffers.dylib
0x0000000251cc9000 	/System/Library/PrivateFrameworks/FramePacing.framework/Versions/A/FramePacing
0x00000002353ba000 	/System/Library/Frameworks/OpenGL.framework/Versions/A/Libraries/libCoreFSCache.dylib
0x0000000252df6000 	/System/Library/PrivateFrameworks/GPUCompiler.framework/Versions/32023/Libraries/libGPUCompilerUtils.dylib
0x0000000197e40000 	/System/Library/Frameworks/CoreData.framework/Versions/A/CoreData
0x000000023743e000 	/System/Library/Frameworks/ExtensionFoundation.framework/Versions/A/ExtensionFoundation
0x00000001a1d68000 	/System/Library/PrivateFrameworks/AppServerSupport.framework/Versions/A/AppServerSupport
0x000000026d6c9000 	/System/Library/PrivateFrameworks/OSEligibility.framework/Versions/A/OSEligibility
0x0000000238829000 	/System/Library/Frameworks/LightweightCodeRequirements.framework/Versions/A/LightweightCodeRequirements
0x00000001a19e4000 	/System/Library/PrivateFrameworks/PlugInKit.framework/Versions/A/PlugInKit
0x000000019f2d0000 	/System/Library/PrivateFrameworks/AssertionServices.framework/Versions/A/AssertionServices
0x000000019d7bf000 	/System/Library/Frameworks/CoreImage.framework/Versions/A/CoreImage
0x00000001a1d18000 	/System/Library/PrivateFrameworks/GraphVisualizer.framework/Versions/A/GraphVisualizer
0x00000002353c8000 	/System/Library/Frameworks/OpenGL.framework/Versions/A/OpenGL
0x0000000235419000 	/System/Library/Frameworks/OpenGL.framework/Versions/A/Libraries/libGLU.dylib
0x00000002353dc000 	/System/Library/Frameworks/OpenGL.framework/Versions/A/Libraries/libGFXShared.dylib
0x00000002355a9000 	/System/Library/Frameworks/OpenGL.framework/Versions/A/Libraries/libGL.dylib
0x00000002353e5000 	/System/Library/Frameworks/OpenGL.framework/Versions/A/Libraries/libGLImage.dylib
0x00000002353d9000 	/System/Library/Frameworks/OpenGL.framework/Versions/A/Libraries/libCVMSPluginSupport.dylib
0x00000002353c2000 	/System/Library/Frameworks/OpenGL.framework/Versions/A/Libraries/libCoreVMClient.dylib
0x0000000251bd4000 	/System/Library/PrivateFrameworks/FontServices.framework/Versions/A/FontServices
0x00000001a1d28000 	/System/Library/PrivateFrameworks/OTSVG.framework/Versions/A/OTSVG
0x000000019a84b000 	/System/Library/Frameworks/ApplicationServices.framework/Versions/A/Frameworks/ATS.framework/Versions/A/Resources/libFontRegistry.dylib
0x00000002935e5000 	/usr/lib/libhvf.dylib
0x000000026e349000 	/System/Library/PrivateFrameworks/ParsingInternal.framework/Versions/A/ParsingInternal
0x0000000251bd8000 	/System/Library/PrivateFrameworks/FontServices.framework/libXTFontStaticRegistryData.dylib
0x000000019dcaa000 	/System/Library/Frameworks/MetalPerformanceShaders.framework/Versions/A/Frameworks/MPSCore.framework/Versions/A/MPSCore
0x000000019faa0000 	/System/Library/Frameworks/MetalPerformanceShaders.framework/Versions/A/Frameworks/MPSImage.framework/Versions/A/MPSImage
0x000000019f45f000 	/System/Library/Frameworks/MetalPerformanceShaders.framework/Versions/A/Frameworks/MPSNeuralNetwork.framework/Versions/A/MPSNeuralNetwork
0x000000019f89e000 	/System/Library/Frameworks/MetalPerformanceShaders.framework/Versions/A/Frameworks/MPSMatrix.framework/Versions/A/MPSMatrix
0x000000019f6b6000 	/System/Library/Frameworks/MetalPerformanceShaders.framework/Versions/A/Frameworks/MPSRayIntersector.framework/Versions/A/MPSRayIntersector
0x000000019f8d0000 	/System/Library/Frameworks/MetalPerformanceShaders.framework/Versions/A/Frameworks/MPSNDArray.framework/Versions/A/MPSNDArray
0x00000002396aa000 	/System/Library/Frameworks/MetalPerformanceShaders.framework/Versions/A/Frameworks/MPSFunctions.framework/Versions/A/MPSFunctions
0x000000023968b000 	/System/Library/Frameworks/MetalPerformanceShaders.framework/Versions/A/Frameworks/MPSBenchmarkLoop.framework/Versions/A/MPSBenchmarkLoop
0x00000002396be000 	/System/Library/Frameworks/MetalPerformanceShaders.framework/Versions/A/Frameworks/MPSHost.framework/Versions/A/MPSHost
0x0000000190c10000 	/System/Library/PrivateFrameworks/MetalTools.framework/Versions/A/MetalTools
0x00000001c27bd000 	/System/Library/PrivateFrameworks/IOAccelMemoryInfo.framework/Versions/A/IOAccelMemoryInfo
0x00000001d0c8d000 	/System/Library/PrivateFrameworks/kperf.framework/Versions/A/kperf
0x00000001bd548000 	/System/Library/PrivateFrameworks/GPURawCounter.framework/Versions/A/GPURawCounter
0x00000001ae637000 	/System/Library/PrivateFrameworks/ASEProcessing.framework/Versions/A/ASEProcessing
0x00000002717f4000 	/System/Library/PrivateFrameworks/PhotosensitivityProcessing.framework/Versions/A/PhotosensitivityProcessing
0x00000002750eb000 	/System/Library/PrivateFrameworks/SILManager.framework/Versions/A/SILManager
0x0000000283cbf000 	/System/Library/PrivateFrameworks/Tightbeam.framework/Versions/A/Tightbeam
0x00000001cb4c7000 	/usr/lib/swift/libswiftCompression.dylib
0x00000001d5ab7000 	/System/Library/PrivateFrameworks/AFKUser.framework/Versions/A/AFKUser
0x00000001a408e000 	/System/Library/Frameworks/AudioToolbox.framework/Versions/A/AudioToolbox
0x0000000192eb6000 	/System/Library/PrivateFrameworks/AudioToolboxCore.framework/Versions/A/AudioToolboxCore
0x00000001a4263000 	/System/Library/PrivateFrameworks/AudioSession.framework/Versions/A/AudioSession
0x00000001af8b2000 	/System/Library/Frameworks/CoreMIDI.framework/Versions/A/CoreMIDI
0x00000001a42e4000 	/usr/lib/libAudioStatistics.dylib
0x000000019cc8f000 	/System/Library/PrivateFrameworks/caulk.framework/Versions/A/caulk
0x00000001934a2000 	/System/Library/Frameworks/CoreAudio.framework/Versions/A/CoreAudio
0x00000001a28b0000 	/usr/lib/libAudioToolboxUtility.dylib
0x00000001c3e78000 	/usr/lib/swift/libswiftCoreMIDI.dylib
0x00000001a46e7000 	/System/Library/PrivateFrameworks/perfdata.framework/Versions/A/perfdata
0x00000001bc55e000 	/System/Library/PrivateFrameworks/SystemPolicy.framework/Versions/A/SystemPolicy
0x00000001a458c000 	/usr/lib/libSMC.dylib
0x00000001a46f5000 	/usr/lib/libperfcheck.dylib
0x0000000244c29000 	/System/Library/PrivateFrameworks/AudioAnalytics.framework/Versions/A/AudioAnalytics
0x00000001e3316000 	/System/Library/Frameworks/OSLog.framework/Versions/A/OSLog
0x00000001bd4ef000 	/usr/lib/libmis.dylib
0x00000001a1c29000 	/System/Library/PrivateFrameworks/MediaExperience.framework/Versions/A/MediaExperience
0x00000001a4038000 	/System/Library/PrivateFrameworks/AudioSession.framework/libSessionUtility.dylib
0x00000001a29ef000 	/System/Library/PrivateFrameworks/CMCaptureCore.framework/Versions/A/CMCaptureCore
0x00000001a1d75000 	/usr/lib/libspindump.dylib
0x00000001b5416000 	/System/Library/PrivateFrameworks/HID.framework/Versions/A/HID
0x00000001915f4000 	/System/Library/PrivateFrameworks/Lexicon.framework/Versions/A/Lexicon
0x000000019de99000 	/System/Library/PrivateFrameworks/LinguisticData.framework/Versions/A/LinguisticData
0x00000001aa99c000 	/System/Library/PrivateFrameworks/GraphicsServices.framework/Versions/A/GraphicsServices
0x000000019ab63000 	/System/Library/Frameworks/OpenDirectory.framework/Versions/A/OpenDirectory
0x000000019ab71000 	/System/Library/Frameworks/OpenDirectory.framework/Versions/A/Frameworks/CFOpenDirectory.framework/Versions/A/CFOpenDirectory
0x00000002883c8000 	/System/Library/PrivateFrameworks/VideoToolboxParavirtualizationSupport.framework/Versions/A/VideoToolboxParavirtualizationSupport
0x00000001a1a9b000 	/System/Library/PrivateFrameworks/AppleVA.framework/Versions/A/AppleVA
0x00000001a2982000 	/System/Library/PrivateFrameworks/GPUWrangler.framework/Versions/A/GPUWrangler
0x00000001a2962000 	/System/Library/PrivateFrameworks/IOPresentment.framework/Versions/A/IOPresentment
0x00000001a298a000 	/System/Library/PrivateFrameworks/DSExternalDisplay.framework/Versions/A/DSExternalDisplay
0x00000001a9a80000 	/System/Library/PrivateFrameworks/MediaKit.framework/Versions/A/MediaKit
0x00000001a99ce000 	/System/Library/Frameworks/DiscRecording.framework/Versions/A/DiscRecording
0x0000000244649000 	/System/Library/PrivateFrameworks/AppleMobileFileIntegrity.framework/Versions/A/AppleMobileFileIntegrity
0x0000000292acc000 	/usr/lib/libTLE.dylib
0x00000001f4d82000 	/System/Library/PrivateFrameworks/ConfigProfileHelper.framework/Versions/A/ConfigProfileHelper
0x00000002635c9000 	/System/Library/PrivateFrameworks/MIL.framework/Versions/A/MIL
0x00000001a46cc000 	/System/Library/PrivateFrameworks/NetAuth.framework/Versions/A/NetAuth
0x000000019ad87000 	/System/Library/PrivateFrameworks/login.framework/Versions/A/Frameworks/loginsupport.framework/Versions/A/loginsupport
0x00000001e37fb000 	/System/Library/PrivateFrameworks/HIDDisplay.framework/Versions/A/HIDDisplay
0x00000001a4703000 	/System/Library/Frameworks/Kerberos.framework/Versions/A/Kerberos
0x00000001a4374000 	/usr/lib/libresolv.9.dylib
0x00000001a1d7c000 	/System/Library/PrivateFrameworks/Heimdal.framework/Versions/A/Heimdal
0x00000001ad49e000 	/System/Library/Frameworks/Kerberos.framework/Versions/A/Libraries/libHeimdalProxy.dylib
0x00000001a4767000 	/System/Library/PrivateFrameworks/CommonAuth.framework/Versions/A/CommonAuth
0x000000019ef15000 	/System/Library/Frameworks/Accelerate.framework/Versions/A/Frameworks/vecLib.framework/Versions/A/libvDSP.dylib
0x00000001a0477000 	/System/Library/Frameworks/Accelerate.framework/Versions/A/Frameworks/vecLib.framework/Versions/A/libLAPACK.dylib
0x000000019f44b000 	/System/Library/Frameworks/Accelerate.framework/Versions/A/Frameworks/vecLib.framework/Versions/A/libLinearAlgebra.dylib
0x00000001a0373000 	/System/Library/Frameworks/Accelerate.framework/Versions/A/Frameworks/vecLib.framework/Versions/A/libSparseBLAS.dylib
0x00000001a0472000 	/System/Library/Frameworks/Accelerate.framework/Versions/A/Frameworks/vecLib.framework/Versions/A/libQuadrature.dylib
0x000000019dea0000 	/System/Library/Frameworks/Accelerate.framework/Versions/A/Frameworks/vecLib.framework/Versions/A/libBNNS.dylib
0x0000000191704000 	/System/Library/Frameworks/Accelerate.framework/Versions/A/Frameworks/vecLib.framework/Versions/A/libSparse.dylib
0x000000025eae3000 	/System/Library/PrivateFrameworks/InstalledContentLibrary.framework/Versions/A/InstalledContentLibrary
0x000000019466e000 	/System/Library/PrivateFrameworks/CoreServicesStore.framework/Versions/A/CoreServicesStore
0x000000019abd2000 	/usr/lib/libapp_launch_measurement.dylib
0x00000001d0da4000 	/System/Library/PrivateFrameworks/MobileSystemServices.framework/Versions/A/MobileSystemServices
0x00000001a1747000 	/usr/lib/libxslt.1.dylib
0x00000001ac979000 	/System/Library/PrivateFrameworks/DiskImages.framework/Versions/A/DiskImages
0x00000001b9ebc000 	/System/Library/Frameworks/NetFS.framework/Versions/A/NetFS
0x00000001acb34000 	/usr/lib/libcurl.4.dylib
0x0000000293399000 	/usr/lib/libcrypto.46.dylib
0x0000000293f32000 	/usr/lib/libssl.48.dylib
0x00000001ac80e000 	/System/Library/Frameworks/LDAP.framework/Versions/A/LDAP
0x00000001ac84a000 	/System/Library/PrivateFrameworks/TrustEvaluationAgent.framework/Versions/A/TrustEvaluationAgent
0x00000001a4391000 	/usr/lib/libsasl2.2.dylib
0x0000000103b30000 	/Library/Frameworks/Python.framework/Versions/3.14/lib/python3.14/lib-dynload/_json.cpython-314-darwin.so
0x0000000103c48000 	/Library/Frameworks/Python.framework/Versions/3.14/lib/python3.14/lib-dynload/_struct.cpython-314-darwin.so
0x0000000103de8000 	/Library/Frameworks/Python.framework/Versions/3.14/lib/python3.14/lib-dynload/unicodedata.cpython-314-darwin.so
0x00000001035b8000 	/Library/Frameworks/Python.framework/Versions/3.14/lib/python3.14/lib-dynload/_socket.cpython-314-darwin.so
0x00000001035dc000 	/Library/Frameworks/Python.framework/Versions/3.14/lib/python3.14/lib-dynload/select.cpython-314-darwin.so
0x0000000103c88000 	/Library/Frameworks/Python.framework/Versions/3.14/lib/python3.14/lib-dynload/_heapq.cpython-314-darwin.so
0x0000000103c9c000 	/Library/Frameworks/Python.framework/Versions/3.14/lib/python3.14/lib-dynload/_queue.cpython-314-darwin.so
0x0000000103c64000 	/Library/Frameworks/Python.framework/Versions/3.14/lib/python3.14/lib-dynload/binascii.cpython-314-darwin.so
0x0000000103f5c000 	/Library/Frameworks/Python.framework/Versions/3.14/lib/python3.14/lib-dynload/_decimal.cpython-314-darwin.so
0x0000000103db0000 	/Library/Frameworks/Python.framework/Versions/3.14/lib/python3.14/lib-dynload/math.cpython-314-darwin.so
0x0000000103f20000 	/Library/Frameworks/Python.framework/Versions/3.14/lib/python3.14/lib-dynload/_ssl.cpython-314-darwin.so
0x00000001089d4000 	/Library/Frameworks/Python.framework/Versions/3.14/lib/libssl.3.dylib
0x00000001091e0000 	/Library/Frameworks/Python.framework/Versions/3.14/lib/libcrypto.3.dylib
0x0000000103eac000 	/Library/Frameworks/Python.framework/Versions/3.14/lib/python3.14/lib-dynload/pyexpat.cpython-314-darwin.so
0x0000000103fb4000 	/Library/Frameworks/Python.framework/Versions/3.14/lib/python3.14/lib-dynload/zlib.cpython-314-darwin.so
0x0000000103dd0000 	/Library/Frameworks/Python.framework/Versions/3.14/lib/python3.14/lib-dynload/_bz2.cpython-314-darwin.so
0x0000000103fd0000 	/Library/Frameworks/Python.framework/Versions/3.14/lib/python3.14/lib-dynload/_lzma.cpython-314-darwin.so
0x0000000103eec000 	/Library/Frameworks/Python.framework/Versions/3.14/lib/python3.14/lib-dynload/_zstd.cpython-314-darwin.so
0x0000000108ed0000 	/Library/Frameworks/Python.framework/Versions/3.14/lib/libzstd.1.5.7.dylib
0x0000000103f0c000 	/Library/Frameworks/Python.framework/Versions/3.14/lib/python3.14/lib-dynload/fcntl.cpython-314-darwin.so
0x00000001089b0000 	/Library/Frameworks/Python.framework/Versions/3.14/lib/python3.14/lib-dynload/termios.cpython-314-darwin.so
0x0000000108bd8000 	/Library/Frameworks/Python.framework/Versions/3.14/lib/python3.14/lib-dynload/_ctypes.cpython-314-darwin.so
0x00000001a4a4a000 	/usr/lib/libffi.dylib
0x0000000103c78000 	/usr/lib/libffi-trampolines.dylib
0x0000000108c0c000 	/Library/Frameworks/Python.framework/Versions/3.14/lib/python3.14/lib-dynload/_pickle.cpython-314-darwin.so
0x0000000108b74000 	/Library/Frameworks/Python.framework/Versions/3.14/lib/python3.14/lib-dynload/_bisect.cpython-314-darwin.so
0x0000000108b88000 	/Library/Frameworks/Python.framework/Versions/3.14/lib/python3.14/lib-dynload/grp.cpython-314-darwin.so
0x0000000108b9c000 	/Library/Frameworks/Python.framework/Versions/3.14/lib/python3.14/lib-dynload/_posixsubprocess.cpython-314-darwin.so
0x0000000109ca8000 	/Users/nathanspencer/Desktop/code/nstk/.venv/lib/python3.14/site-packages/numpy/_core/_multiarray_umath.cpython-314-darwin.so
0x0000000108e38000 	/Users/nathanspencer/Desktop/code/nstk/.venv/lib/python3.14/site-packages/numpy/linalg/_umath_linalg.cpython-314-darwin.so
0x0000000108bb0000 	/Library/Frameworks/Python.framework/Versions/3.14/lib/python3.14/lib-dynload/_random.cpython-314-darwin.so
0x0000000109c54000 	/Users/nathanspencer/Desktop/code/nstk/.venv/lib/python3.14/site-packages/numpy/fft/_pocketfft_umath.cpython-314-darwin.so
0x000000010aac0000 	/Users/nathanspencer/Desktop/code/nstk/.venv/lib/python3.14/site-packages/erfa/ufunc.abi3.so
0x000000010899c000 	/Users/nathanspencer/Desktop/code/nstk/.venv/lib/python3.14/site-packages/astropy/time/_parse_times.abi3.so
0x000000010aa20000 	/Users/nathanspencer/Desktop/code/nstk/.venv/lib/python3.14/site-packages/_jpype.cpython-314-darwin.so
0x0000000108e98000 	/Library/Frameworks/Python.framework/Versions/3.14/lib/python3.14/lib-dynload/_hashlib.cpython-314-darwin.so
0x0000000108eb4000 	/Library/Frameworks/Python.framework/Versions/3.14/lib/python3.14/lib-dynload/_blake2.cpython-314-darwin.so
0x000000010b260000 	/Users/nathanspencer/Desktop/code/nstk/.venv/lib/python3.14/site-packages/pyproj/_context.cpython-314-darwin.so
0x000000010b6bc000 	/Users/nathanspencer/Desktop/code/nstk/.venv/lib/python3.14/site-packages/pyproj/.dylibs/libproj.25.9.5.1.dylib
0x000000010b308000 	/Users/nathanspencer/Desktop/code/nstk/.venv/lib/python3.14/site-packages/pyproj/.dylibs/libtiff.6.dylib
0x000000010b430000 	/Users/nathanspencer/Desktop/code/nstk/.venv/lib/python3.14/site-packages/pyproj/.dylibs/libzstd.1.5.7.dylib
0x000000010b284000 	/Users/nathanspencer/Desktop/code/nstk/.venv/lib/python3.14/site-packages/pyproj/.dylibs/liblzma.5.dylib
0x000000010b4d8000 	/Users/nathanspencer/Desktop/code/nstk/.venv/lib/python3.14/site-packages/pyproj/.dylibs/libjpeg.8.3.2.dylib
0x0000000108e60000 	/Library/Frameworks/Python.framework/Versions/3.14/lib/python3.14/lib-dynload/array.cpython-314-darwin.so
0x000000010b2d0000 	/Users/nathanspencer/Desktop/code/nstk/.venv/lib/python3.14/site-packages/pyproj/_compat.cpython-314-darwin.so
0x000000010b2ec000 	/Users/nathanspencer/Desktop/code/nstk/.venv/lib/python3.14/site-packages/pyproj/_network.cpython-314-darwin.so
0x0000000108e80000 	/Users/nathanspencer/Desktop/code/nstk/.venv/lib/python3.14/site-packages/pyproj/_version.cpython-314-darwin.so
0x000000010b54c000 	/Users/nathanspencer/Desktop/code/nstk/.venv/lib/python3.14/site-packages/pyproj/_crs.cpython-314-darwin.so
0x000000010b3bc000 	/Users/nathanspencer/Desktop/code/nstk/.venv/lib/python3.14/site-packages/pyproj/_geod.cpython-314-darwin.so
0x000000010b38c000 	/Users/nathanspencer/Desktop/code/nstk/.venv/lib/python3.14/site-packages/pyproj/list.cpython-314-darwin.so
0x000000010b5c8000 	/Users/nathanspencer/Desktop/code/nstk/.venv/lib/python3.14/site-packages/pyproj/database.cpython-314-darwin.so
0x000000010b5f0000 	/Users/nathanspencer/Desktop/code/nstk/.venv/lib/python3.14/site-packages/pyproj/_transformer.cpython-314-darwin.so
0x0000000108bc4000 	/Library/Frameworks/Python.framework/Versions/3.14/lib/python3.14/lib-dynload/_scproxy.cpython-314-darwin.so
0x000000010b3ec000 	/Users/nathanspencer/Desktop/code/nstk/.venv/lib/python3.14/site-packages/pyproj/_sync.cpython-314-darwin.so
0x000000010bbf4000 	/Users/nathanspencer/Desktop/code/nstk/.venv/lib/python3.14/site-packages/shapely/lib.cpython-314-darwin.so
0x000000010bc90000 	/Users/nathanspencer/Desktop/code/nstk/.venv/lib/python3.14/site-packages/shapely/.dylibs/libgeos_c.1.19.2.dylib
0x000000010c004000 	/Users/nathanspencer/Desktop/code/nstk/.venv/lib/python3.14/site-packages/shapely/.dylibs/libgeos.3.13.1.dylib
0x000000010bd64000 	/Users/nathanspencer/Desktop/code/nstk/.venv/lib/python3.14/site-packages/shapely/_geometry_helpers.cpython-314-darwin.so
0x000000010b694000 	/Users/nathanspencer/Desktop/code/nstk/.venv/lib/python3.14/site-packages/shapely/_geos.cpython-314-darwin.so
0x000000010bce8000 	/Users/nathanspencer/Desktop/code/nstk/.venv/lib/python3.14/site-packages/cartopy/trace.cpython-314-darwin.so
0x000000010bc68000 	/Library/Frameworks/Python.framework/Versions/3.14/lib/python3.14/lib-dynload/_interpreters.cpython-314-darwin.so
0x000000010bc38000 	/Library/Frameworks/Python.framework/Versions/3.14/lib/python3.14/lib-dynload/_asyncio.cpython-314-darwin.so
0x000000010bfac000 	/Users/nathanspencer/Desktop/code/nstk/.venv/lib/python3.14/site-packages/matplotlib/_c_internal_utils.cpython-314-darwin.so
0x000000010c7ac000 	/Users/nathanspencer/Desktop/code/nstk/.venv/lib/python3.14/site-packages/PIL/_imaging.cpython-314-darwin.so
0x000000010c8f8000 	/Users/nathanspencer/Desktop/code/nstk/.venv/lib/python3.14/site-packages/PIL/.dylibs/libtiff.6.dylib
0x000000010c9b8000 	/Users/nathanspencer/Desktop/code/nstk/.venv/lib/python3.14/site-packages/PIL/.dylibs/libjpeg.62.4.0.dylib
0x000000010ca58000 	/Users/nathanspencer/Desktop/code/nstk/.venv/lib/python3.14/site-packages/PIL/.dylibs/libopenjp2.2.5.4.dylib
0x000000010bfd8000 	/Users/nathanspencer/Desktop/code/nstk/.venv/lib/python3.14/site-packages/PIL/.dylibs/libz.1.3.1.zlib-ng.dylib
0x000000010c764000 	/Users/nathanspencer/Desktop/code/nstk/.venv/lib/python3.14/site-packages/PIL/.dylibs/libxcb.1.1.0.dylib
0x000000010c888000 	/Users/nathanspencer/Desktop/code/nstk/.venv/lib/python3.14/site-packages/PIL/.dylibs/liblzma.5.dylib
0x000000010bf80000 	/Users/nathanspencer/Desktop/code/nstk/.venv/lib/python3.14/site-packages/PIL/.dylibs/libXau.6.dylib
0x000000010cc9c000 	/Users/nathanspencer/Desktop/code/nstk/.venv/lib/python3.14/site-packages/matplotlib/_path.cpython-314-darwin.so
0x000000010cdf8000 	/Users/nathanspencer/Desktop/code/nstk/.venv/lib/python3.14/site-packages/matplotlib/_image.cpython-314-darwin.so
0x000000010d25c000 	/Users/nathanspencer/Desktop/code/nstk/.venv/lib/python3.14/site-packages/matplotlib/ft2font.cpython-314-darwin.so
0x000000010c838000 	/Users/nathanspencer/Desktop/code/nstk/.venv/lib/python3.14/site-packages/kiwisolver/_cext.cpython-314-darwin.so
0x000000010b3a8000 	/Library/Frameworks/Python.framework/Versions/3.14/lib/python3.14/lib-dynload/_uuid.cpython-314-darwin.so
0x000000010e064000 	/Users/nathanspencer/Desktop/code/nstk/.venv/lib/python3.14/site-packages/yaml/_yaml.cpython-314-darwin.so
0x0000000114fac000 	/Users/nathanspencer/Desktop/code/nstk/.venv/lib/python3.14/site-packages/llvmlite/binding/libllvmlite.dylib
0x00000001089c4000 	/Users/nathanspencer/Desktop/code/nstk/.venv/lib/python3.14/site-packages/numba/core/typeconv/_typeconv.cpython-314-darwin.so
0x000000010cafc000 	/Users/nathanspencer/Desktop/code/nstk/.venv/lib/python3.14/site-packages/numpy/random/bit_generator.cpython-314-darwin.so
0x000000010cb34000 	/Users/nathanspencer/Desktop/code/nstk/.venv/lib/python3.14/site-packages/numpy/random/_common.cpython-314-darwin.so
0x000000010c720000 	/Library/Frameworks/Python.framework/Versions/3.14/lib/python3.14/lib-dynload/_hmac.cpython-314-darwin.so
0x000000010e554000 	/Users/nathanspencer/Desktop/code/nstk/.venv/lib/python3.14/site-packages/numpy/random/mtrand.cpython-314-darwin.so
0x000000010e5e4000 	/Users/nathanspencer/Desktop/code/nstk/.venv/lib/python3.14/site-packages/numpy/random/_bounded_integers.cpython-314-darwin.so
0x000000010e4e8000 	/Users/nathanspencer/Desktop/code/nstk/.venv/lib/python3.14/site-packages/numpy/random/_mt19937.cpython-314-darwin.so
0x000000010e4c4000 	/Users/nathanspencer/Desktop/code/nstk/.venv/lib/python3.14/site-packages/numpy/random/_philox.cpython-314-darwin.so
0x000000010e530000 	/Users/nathanspencer/Desktop/code/nstk/.venv/lib/python3.14/site-packages/numpy/random/_pcg64.cpython-314-darwin.so
0x000000010c8d8000 	/Users/nathanspencer/Desktop/code/nstk/.venv/lib/python3.14/site-packages/numpy/random/_sfc64.cpython-314-darwin.so
0x000000010e6e0000 	/Users/nathanspencer/Desktop/code/nstk/.venv/lib/python3.14/site-packages/numpy/random/_generator.cpython-314-darwin.so
0x000000010e670000 	/Users/nathanspencer/Desktop/code/nstk/.venv/lib/python3.14/site-packages/numba/_helperlib.cpython-314-darwin.so
0x000000010bf94000 	/Users/nathanspencer/Desktop/code/nstk/.venv/lib/python3.14/site-packages/numba/_dynfunc.cpython-314-darwin.so
0x000000010c870000 	/Users/nathanspencer/Desktop/code/nstk/.venv/lib/python3.14/site-packages/numba/_dispatcher.cpython-314-darwin.so
0x000000010c748000 	/Users/nathanspencer/Desktop/code/nstk/.venv/lib/python3.14/site-packages/numba/_devicearray.cpython-314-darwin.so
0x000000010cb6c000 	/Users/nathanspencer/Desktop/code/nstk/.venv/lib/python3.14/site-packages/numba/core/runtime/_nrt_python.cpython-314-darwin.so
0x000000010e50c000 	/Users/nathanspencer/Desktop/code/nstk/.venv/lib/python3.14/site-packages/numba/np/ufunc/_internal.cpython-314-darwin.so
0x000000010e51c000 	/Users/nathanspencer/Desktop/code/nstk/.venv/lib/python3.14/site-packages/numba/experimental/jitclass/_box.cpython-314-darwin.so
0x000000010e6b0000 	/Users/nathanspencer/Desktop/code/nstk/.venv/lib/python3.14/site-packages/jdk4py/java-runtime/lib/libjli.dylib
0x00000001afaa5000 	/System/Library/Frameworks/Cocoa.framework/Versions/A/Cocoa
0x0000000194806000 	/System/Library/Frameworks/AppKit.framework/Versions/C/AppKit
0x000000024861a000 	/System/Library/PrivateFrameworks/CollectionViewCore.framework/Versions/A/CollectionViewCore
0x000000019d43c000 	/System/Library/PrivateFrameworks/XCTTargetBootstrap.framework/Versions/A/XCTTargetBootstrap
0x00000001a2e66000 	/System/Library/PrivateFrameworks/UserActivity.framework/Versions/A/UserActivity
0x0000000251cd6000 	/System/Library/PrivateFrameworks/FrontBoard.framework/Versions/A/FrontBoard
0x0000000285e08000 	/System/Library/PrivateFrameworks/UIIntelligenceSupport.framework/Versions/A/UIIntelligenceSupport
0x000000023cad8000 	/System/Library/Frameworks/SwiftUICore.framework/Versions/A/SwiftUICore
0x000000028c921000 	/System/Library/PrivateFrameworks/WritingTools.framework/Versions/A/WritingTools
0x000000028b72a000 	/System/Library/PrivateFrameworks/WindowManagement.framework/Versions/A/WindowManagement
0x0000000251a0b000 	/System/Library/PrivateFrameworks/FocusEngine.framework/Versions/A/FocusEngine
0x000000024f42d000 	/System/Library/PrivateFrameworks/DesignLibrary.framework/Versions/A/DesignLibrary
0x000000019d427000 	/System/Library/PrivateFrameworks/DFRFoundation.framework/Versions/A/DFRFoundation
0x0000000286cfc000 	/System/Library/PrivateFrameworks/UpdateCycle.framework/Versions/A/UpdateCycle
0x000000019d12b000 	/System/Library/Frameworks/Carbon.framework/Versions/A/Frameworks/HIToolbox.framework/Versions/A/HIToolbox
0x00000001a83fd000 	/System/Library/Frameworks/Carbon.framework/Versions/A/Frameworks/SpeechRecognition.framework/Versions/A/SpeechRecognition
0x000000019ab59000 	/System/Library/PrivateFrameworks/PerformanceAnalysis.framework/Versions/A/PerformanceAnalysis
0x00000001a878c000 	/System/Library/Frameworks/Accessibility.framework/Versions/A/Accessibility
0x000000023da35000 	/System/Library/Frameworks/Symbols.framework/Versions/A/Symbols
0x000000025aebc000 	/System/Library/PrivateFrameworks/Gestures.framework/Versions/A/Gestures
0x0000000294359000 	/usr/lib/swift/libswiftSpatial.dylib
0x00000001ba415000 	/usr/lib/swift/libswiftCoreGraphics.dylib
0x00000001a91cf000 	/usr/lib/swift/libswiftFoundation.dylib
0x00000001f4726000 	/usr/lib/swift/libswiftSwiftOnoneSupport.dylib
0x00000002945df000 	/usr/lib/swift/libswiftsys_time.dylib
0x00000001df525000 	/System/Library/PrivateFrameworks/CoreMaterial.framework/Versions/A/CoreMaterial
0x0000000292ac9000 	/usr/lib/libSpatial.dylib
0x00000002924ea000 	/System/Library/SubFrameworks/UIUtilities.framework/Versions/A/UIUtilities
0x00000001ac2d9000 	/System/Library/PrivateFrameworks/CoreWiFi.framework/Versions/A/CoreWiFi
0x00000001aae4e000 	/System/Library/PrivateFrameworks/Rapport.framework/Versions/A/Rapport
0x0000000198433000 	/System/Library/Frameworks/Accounts.framework/Versions/A/Accounts
0x00000001bc335000 	/System/Library/Frameworks/AVFoundation.framework/Versions/A/AVFoundation
0x00000001a2b0a000 	/System/Library/PrivateFrameworks/InternationalSupport.framework/Versions/A/InternationalSupport
0x00000001acece000 	/System/Library/Frameworks/ApplicationServices.framework/Versions/A/ApplicationServices
0x00000001a432c000 	/System/Library/Frameworks/ApplicationServices.framework/Versions/A/Frameworks/ATS.framework/Versions/A/ATS
0x00000001979ec000 	/System/Library/Frameworks/ApplicationServices.framework/Versions/A/Frameworks/HIServices.framework/Versions/A/HIServices
0x00000001a2a00000 	/System/Library/Frameworks/ApplicationServices.framework/Versions/A/Frameworks/PrintCore.framework/Versions/A/PrintCore
0x00000001a46de000 	/System/Library/Frameworks/ApplicationServices.framework/Versions/A/Frameworks/QD.framework/Versions/A/QD
0x00000001a46d9000 	/System/Library/Frameworks/ApplicationServices.framework/Versions/A/Frameworks/ColorSyncLegacy.framework/Versions/A/ColorSyncLegacy
0x00000001a42fe000 	/System/Library/Frameworks/ApplicationServices.framework/Versions/A/Frameworks/SpeechSynthesis.framework/Versions/A/SpeechSynthesis
0x000000023e9b6000 	/System/Library/Frameworks/_LocationEssentials.framework/Versions/A/_LocationEssentials
0x00000001a65bb000 	/System/Library/PrivateFrameworks/GeoServices.framework/Versions/A/GeoServices
0x00000001a3ffe000 	/System/Library/PrivateFrameworks/LocationSupport.framework/Versions/A/LocationSupport
0x00000001a9877000 	/System/Library/Frameworks/CoreBluetooth.framework/Versions/A/CoreBluetooth
0x000000025ad0e000 	/System/Library/PrivateFrameworks/GeoServicesCore.framework/Versions/A/GeoServicesCore
0x00000001b6315000 	/System/Library/PrivateFrameworks/PhoneNumbers.framework/Versions/A/PhoneNumbers
0x00000001a1b6a000 	/System/Library/PrivateFrameworks/IconServices.framework/Versions/A/IconServices
0x00000001a1b09000 	/System/Library/PrivateFrameworks/IconFoundation.framework/Versions/A/IconFoundation
0x000000025e08e000 	/System/Library/PrivateFrameworks/IconRendering.framework/Versions/A/IconRendering
0x000000019a89d000 	/System/Library/PrivateFrameworks/CoreUI.framework/Versions/A/CoreUI
0x0000000275065000 	/System/Library/PrivateFrameworks/SFSymbols.framework/Versions/A/SFSymbols
0x00000002372f4000 	/System/Library/Frameworks/DeveloperToolsSupport.framework/Versions/A/DeveloperToolsSupport
0x00000001b46e4000 	/System/Library/PrivateFrameworks/RenderBox.framework/Versions/A/RenderBox
0x000000019d442000 	/System/Library/PrivateFrameworks/CoreSVG.framework/Versions/A/CoreSVG
0x00000001a2a73000 	/System/Library/PrivateFrameworks/TextureIO.framework/Versions/A/TextureIO
0x00000001bd5cc000 	/usr/lib/swift/libswiftCoreImage.dylib
0x00000001a29bb000 	/System/Library/Frameworks/ApplicationServices.framework/Versions/A/Frameworks/ATSUI.framework/Versions/A/ATSUI
0x000000019ff08000 	/System/Library/Frameworks/UserNotifications.framework/Versions/A/UserNotifications
0x00000001c2f4a000 	/System/Library/PrivateFrameworks/SiriInstrumentation.framework/Versions/A/SiriInstrumentation
0x0000000277522000 	/System/Library/PrivateFrameworks/SiriAnalytics.framework/Versions/A/SiriAnalytics
0x00000001c06de000 	/System/Library/PrivateFrameworks/FeedbackLogger.framework/Versions/A/FeedbackLogger
0x00000001daee1000 	/usr/lib/swift/libswiftAVFoundation.dylib
0x00000002864e3000 	/System/Library/PrivateFrameworks/UnifiedAssetFramework.framework/Versions/A/UnifiedAssetFramework
0x000000019f144000 	/System/Library/PrivateFrameworks/CoreUtils.framework/Versions/A/CoreUtils
0x000000024ebe2000 	/System/Library/PrivateFrameworks/CoreUtilsExtras.framework/Versions/A/CoreUtilsExtras
0x000000025dfe3000 	/System/Library/PrivateFrameworks/IO80211.framework/Versions/A/IO80211
0x00000001a6215000 	/System/Library/Frameworks/IOBluetooth.framework/Versions/A/IOBluetooth
0x00000002942b6000 	/usr/lib/swift/libswiftRegexBuilder.dylib
0x00000001a1884000 	/usr/lib/libIOReport.dylib
0x00000001eb7de000 	/System/Library/PrivateFrameworks/WiFiPeerToPeer.framework/Versions/A/WiFiPeerToPeer
0x00000002472a6000 	/System/Library/PrivateFrameworks/Centauri.framework/Versions/A/Centauri
0x0000000293a35000 	/usr/lib/libmrc.dylib
0x000000025e04e000 	/System/Library/PrivateFrameworks/IPConfiguration.framework/Versions/A/IPConfiguration
0x00000001df4e7000 	/System/Library/PrivateFrameworks/Netrb.framework/Versions/A/Netrb
0x00000001aa7f5000 	/System/Library/PrivateFrameworks/FrontBoardServices.framework/Versions/A/FrontBoardServices
0x00000001ad49f000 	/System/Library/Frameworks/AudioUnit.framework/Versions/A/AudioUnit
0x0000000235935000 	/System/Library/Frameworks/AVFAudio.framework/Versions/A/AVFAudio
0x0000000235a79000 	/System/Library/Frameworks/AVRouting.framework/Versions/A/AVRouting
0x00000001b642d000 	/usr/lib/libAccessibility.dylib
0x0000000261e9c000 	/System/Library/PrivateFrameworks/IsolatedCoreAudioClient.framework/Versions/A/IsolatedCoreAudioClient
0x000000024aa38000 	/System/Library/PrivateFrameworks/CoreAudioOrchestration.framework/Versions/A/CoreAudioOrchestration
0x00000001a2ed7000 	/System/Library/Frameworks/MediaToolbox.framework/Versions/A/MediaToolbox
0x00000001a9ba6000 	/System/Library/PrivateFrameworks/CoreAVCHD.framework/Versions/A/CoreAVCHD
0x00000001a8adc000 	/System/Library/Frameworks/MediaAccessibility.framework/Versions/A/MediaAccessibility
0x00000001a9ba2000 	/System/Library/PrivateFrameworks/Mangrove.framework/Versions/A/Mangrove
0x00000002468e4000 	/System/Library/PrivateFrameworks/CMPhoto.framework/Versions/A/CMPhoto
0x00000001aa36a000 	/System/Library/Frameworks/CoreTelephony.framework/Versions/A/CoreTelephony
0x00000001a9b95000 	/System/Library/PrivateFrameworks/CoreAUC.framework/Versions/A/CoreAUC
0x0000000243ad7000 	/System/Library/PrivateFrameworks/AppleJPEGXL.framework/Versions/A/AppleJPEGXL
0x00000001a48fe000 	/usr/lib/libTelephonyUtilDynamic.dylib
0x00000001e637d000 	/System/Library/Frameworks/CryptoKit.framework/Versions/A/CryptoKit
0x00000001ad49a000 	/System/Library/PrivateFrameworks/CryptoKitCBridging.framework/Versions/A/CryptoKitCBridging
0x00000001aa9ae000 	/System/Library/Frameworks/CryptoTokenKit.framework/Versions/A/CryptoTokenKit
0x000000024f3bd000 	/System/Library/PrivateFrameworks/Dendrite.framework/Versions/A/Dendrite
0x00000001bd0f2000 	/System/Library/Frameworks/NaturalLanguage.framework/Versions/A/NaturalLanguage
0x000000025aa1a000 	/System/Library/PrivateFrameworks/GenerativeModels.framework/Versions/A/GenerativeModels
0x00000001eb766000 	/usr/lib/swift/libswiftNaturalLanguage.dylib
0x00000001ad629000 	/System/Library/PrivateFrameworks/Espresso.framework/Versions/A/Espresso
0x000000019b2f0000 	/System/Library/Frameworks/CoreML.framework/Versions/A/CoreML
0x00000001e9626000 	/usr/lib/libedit.3.dylib
0x0000000232744000 	/System/Library/PrivateFrameworks/ANECompiler.framework/Versions/A/ANECompiler
0x00000001af6f7000 	/System/Library/PrivateFrameworks/AppleNeuralEngine.framework/Versions/A/AppleNeuralEngine
0x00000002396c4000 	/System/Library/Frameworks/MetalPerformanceShadersGraph.framework/Versions/A/MetalPerformanceShadersGraph
0x0000000263d38000 	/System/Library/PrivateFrameworks/MLCompilerServices.framework/Versions/A/MLCompilerServices
0x00000001ae47b000 	/System/Library/PrivateFrameworks/ANEServices.framework/Versions/A/ANEServices
0x00000001c2780000 	/usr/lib/libncurses.5.4.dylib
0x00000001947a9000 	/usr/lib/libsandbox.1.dylib
0x00000001a1a25000 	/usr/lib/libMatch.1.dylib
0x000000026d44b000 	/System/Library/PrivateFrameworks/ODIE.framework/Versions/A/ODIE
0x00000002669c5000 	/System/Library/PrivateFrameworks/MLModelAsset.framework/Versions/A/MLModelAsset
0x0000000263cde000 	/System/Library/PrivateFrameworks/MLCompilerRuntime.framework/Versions/A/MLCompilerRuntime
0x000000019f70b000 	/System/Library/Frameworks/MLCompute.framework/Versions/A/MLCompute
0x0000000263c60000 	/System/Library/PrivateFrameworks/MLAssetIO.framework/Versions/A/MLAssetIO
0x0000000294288000 	/usr/lib/swift/libswiftMLCompute.dylib
0x00000001aa585000 	/System/Library/PrivateFrameworks/AVFCore.framework/Versions/A/AVFCore
0x00000001b3d36000 	/System/Library/PrivateFrameworks/AVFCapture.framework/Versions/A/AVFCapture
0x00000002466db000 	/System/Library/PrivateFrameworks/CMImaging.framework/Versions/A/CMImaging
0x00000001b3f78000 	/System/Library/PrivateFrameworks/Quagga.framework/Versions/A/Quagga
0x00000001b40a9000 	/System/Library/PrivateFrameworks/CMCapture.framework/Versions/A/CMCapture
0x00000001a4489000 	/System/Library/Frameworks/CoreMediaIO.framework/Versions/A/CoreMediaIO
0x0000000246616000 	/System/Library/PrivateFrameworks/CMCaptureDevice.framework/Versions/A/CMCaptureDevice
0x00000001a1e61000 	/System/Library/PrivateFrameworks/CoreBrightness.framework/Versions/A/CoreBrightness
0x000000024779c000 	/System/Library/PrivateFrameworks/CinematicFraming.framework/Versions/A/CinematicFraming
0x0000000269a98000 	/System/Library/PrivateFrameworks/ModelManagerServices.framework/Versions/A/ModelManagerServices
0x00000001d7f56000 	/System/Library/PrivateFrameworks/CPMS.framework/Versions/A/CPMS
0x00000002813f9000 	/System/Library/PrivateFrameworks/SystemStatus.framework/Versions/A/SystemStatus
0x00000001bbf33000 	/System/Library/Frameworks/CoreMotion.framework/Versions/A/CoreMotion
0x00000001cc496000 	/System/Library/PrivateFrameworks/TimeSync.framework/Versions/A/TimeSync
0x000000024fd6e000 	/System/Library/PrivateFrameworks/DistributedSensing.framework/Versions/A/DistributedSensing
0x00000001c78b0000 	/System/Library/PrivateFrameworks/MobileBluetooth.framework/Versions/A/MobileBluetooth
0x00000001ce152000 	/System/Library/PrivateFrameworks/IOKitten.framework/Versions/A/IOKitten
0x00000002634ab000 	/System/Library/PrivateFrameworks/LocationLogEncryption.framework/Versions/A/LocationLogEncryption
0x0000000243955000 	/System/Library/PrivateFrameworks/AppleIntelligenceReporting.framework/Versions/A/AppleIntelligenceReporting
0x000000019f053000 	/System/Library/PrivateFrameworks/CoreEmoji.framework/Versions/A/CoreEmoji
0x0000000192be6000 	/System/Library/PrivateFrameworks/LanguageModeling.framework/Versions/A/LanguageModeling
0x0000000197b55000 	/System/Library/PrivateFrameworks/Montreal.framework/Versions/A/Montreal
0x00000001a01bc000 	/usr/lib/libcmph.dylib
0x000000025aafd000 	/System/Library/PrivateFrameworks/GenerativeModelsFoundation.framework/Versions/A/GenerativeModelsFoundation
0x00000002841c2000 	/System/Library/PrivateFrameworks/TokenGeneration.framework/Versions/A/TokenGeneration
0x000000025a8d0000 	/System/Library/PrivateFrameworks/GenerativeFunctions.framework/Versions/A/GenerativeFunctions
0x000000025a91e000 	/System/Library/PrivateFrameworks/GenerativeFunctionsFoundation.framework/Versions/A/GenerativeFunctionsFoundation
0x000000026975d000 	/System/Library/PrivateFrameworks/ModelCatalog.framework/Versions/A/ModelCatalog
0x0000000276740000 	/System/Library/PrivateFrameworks/SensitiveContentAnalysisML.framework/Versions/A/SensitiveContentAnalysisML
0x000000025a9b4000 	/System/Library/PrivateFrameworks/GenerativeFunctionsInstrumentation.framework/Versions/A/GenerativeFunctionsInstrumentation
0x00000002735e3000 	/System/Library/PrivateFrameworks/PromptKit.framework/Versions/A/PromptKit
0x000000027301c000 	/System/Library/PrivateFrameworks/ProactiveDaemonSupport.framework/Versions/A/ProactiveDaemonSupport
0x00000002843fa000 	/System/Library/PrivateFrameworks/TokenGenerationCore.framework/Versions/A/TokenGenerationCore
0x00000001bdfbb000 	/System/Library/PrivateFrameworks/Trial.framework/Versions/A/Trial
0x00000001bdf3c000 	/System/Library/PrivateFrameworks/TrialProto.framework/Versions/A/TrialProto
0x0000000243582000 	/System/Library/PrivateFrameworks/AppleFlatBuffers.framework/Versions/A/AppleFlatBuffers
0x0000000276a10000 	/System/Library/PrivateFrameworks/SentencePieceInternal.framework/Versions/A/SentencePieceInternal
0x00000001a8b35000 	/System/Library/Frameworks/Vision.framework/Versions/A/Vision
0x000000024e8db000 	/System/Library/PrivateFrameworks/CoreSceneUnderstanding.framework/Versions/A/CoreSceneUnderstanding
0x0000000288fcc000 	/System/Library/PrivateFrameworks/VisionCore.framework/Versions/A/VisionCore
0x00000001a2e14000 	/System/Library/PrivateFrameworks/DataDetectorsCore.framework/Versions/A/DataDetectorsCore
0x00000001c683f000 	/System/Library/Frameworks/Vision.framework/libfaceCore.dylib
0x00000001c7359000 	/System/Library/PrivateFrameworks/Futhark.framework/Versions/A/Futhark
0x00000001cb280000 	/System/Library/PrivateFrameworks/InertiaCam.framework/Versions/A/InertiaCam
0x00000001c70e6000 	/System/Library/PrivateFrameworks/TextRecognition.framework/Versions/A/TextRecognition
0x00000002372dd000 	/System/Library/Frameworks/DataDetection.framework/Versions/A/DataDetection
0x00000001c132a000 	/System/Library/PrivateFrameworks/TextInput.framework/Versions/A/TextInput
0x00000001a18c2000 	/System/Library/PrivateFrameworks/CVNLP.framework/Versions/A/CVNLP
0x0000000236dc2000 	/System/Library/Frameworks/CoreTransferable.framework/Versions/A/CoreTransferable
0x0000000195f29000 	/System/Library/PrivateFrameworks/UIFoundation.framework/Versions/A/UIFoundation
0x00000001a466d000 	/usr/lib/libcups.2.dylib
0x00000001b6321000 	/System/Library/PrivateFrameworks/AXCoreUtilities.framework/Versions/A/AXCoreUtilities
0x00000001c668a000 	/System/Library/PrivateFrameworks/AttributeGraph.framework/Versions/A/AttributeGraph
0x00000002925cd000 	/usr/lib/libAXSafeCategoryBundle.dylib
0x000000023da4f000 	/System/Library/Frameworks/TabularData.framework/Versions/A/TabularData
0x00000002447f8000 	/System/Library/PrivateFrameworks/ArgumentParserInternal.framework/Versions/A/ArgumentParserInternal
0x00000001101f4000 	/Users/nathanspencer/Desktop/code/nstk/.venv/lib/python3.14/site-packages/jdk4py/java-runtime/lib/server/libjvm.dylib
0x000000010e644000 	/Users/nathanspencer/Desktop/code/nstk/.venv/lib/python3.14/site-packages/jdk4py/java-runtime/lib/libjimage.dylib
0x000000010f0c4000 	/Users/nathanspencer/Desktop/code/nstk/.venv/lib/python3.14/site-packages/jdk4py/java-runtime/lib/libjava.dylib
0x000000010f154000 	/Users/nathanspencer/Desktop/code/nstk/.venv/lib/python3.14/site-packages/jdk4py/java-runtime/lib/libnio.dylib
0x000000010f174000 	/Users/nathanspencer/Desktop/code/nstk/.venv/lib/python3.14/site-packages/jdk4py/java-runtime/lib/libnet.dylib
0x0000000114458000 	/Users/nathanspencer/Desktop/code/nstk/.venv/lib/python3.14/site-packages/jdk4py/java-runtime/lib/libzip.dylib
0x000000010f190000 	/Users/nathanspencer/Desktop/code/nstk/.venv/lib/python3.14/site-packages/matplotlib/backends/_macosx.cpython-314-darwin.so
0x00000001145f8000 	/Users/nathanspencer/Desktop/code/nstk/.venv/lib/python3.14/site-packages/matplotlib/backends/_backend_agg.cpython-314-darwin.so
0x0000000235be4000 	/System/Library/Frameworks/AppIntents.framework/Versions/A/AppIntents
0x000000023c1a7000 	/System/Library/Frameworks/RelevanceKit.framework/Versions/A/RelevanceKit
0x000000019ff59000 	/System/Library/Frameworks/CoreSpotlight.framework/Versions/A/CoreSpotlight
0x0000000263027000 	/System/Library/PrivateFrameworks/LinkServices.framework/Versions/A/LinkServices
0x00000001a9494000 	/System/Library/Frameworks/Contacts.framework/Versions/A/Contacts
0x0000000242221000 	/System/Library/PrivateFrameworks/AppIntentsTypeSupport.framework/Versions/A/AppIntentsTypeSupport
0x000000024fe6a000 	/System/Library/PrivateFrameworks/DoNotDisturb.framework/Versions/A/DoNotDisturb
0x0000000262e75000 	/System/Library/PrivateFrameworks/LinkMetadata.framework/Versions/A/LinkMetadata
0x00000001bd573000 	/usr/lib/swift/libswiftIntents.dylib
0x00000001c28da000 	/System/Library/PrivateFrameworks/IntentsCore.framework/Versions/A/IntentsCore
0x0000000245108000 	/System/Library/PrivateFrameworks/AvailabilityKit.framework/Versions/A/AvailabilityKit
0x0000000241e04000 	/System/Library/PrivateFrameworks/AppIntentSchemas.framework/Versions/A/AppIntentSchemas
0x0000000237d37000 	/System/Library/Frameworks/GeoToolbox.framework/Versions/A/GeoToolbox
0x0000000257806000 	/System/Library/PrivateFrameworks/GRDBInternal.framework/Versions/A/GRDBInternal
0x000000027fc94000 	/System/Library/PrivateFrameworks/StatusKit.framework/Versions/A/StatusKit
0x00000001a92ab000 	/System/Library/PrivateFrameworks/ContactsPersistence.framework/Versions/A/ContactsPersistence
0x00000001a8401000 	/System/Library/PrivateFrameworks/AppleLDAP.framework/Versions/A/AppleLDAP
0x00000001aced2000 	/System/Library/Frameworks/ClassKit.framework/Versions/A/ClassKit
0x00000001af175000 	/System/Library/PrivateFrameworks/CoreSuggestions.framework/Versions/A/CoreSuggestions
0x00000001a91d0000 	/System/Library/PrivateFrameworks/ContactsFoundation.framework/Versions/A/ContactsFoundation
0x00000001aa95c000 	/System/Library/PrivateFrameworks/vCard.framework/Versions/A/vCard
0x0000000248bea000 	/System/Library/PrivateFrameworks/ContactsMetrics.framework/Versions/A/ContactsMetrics
0x00000001a1e3d000 	/System/Library/PrivateFrameworks/login.framework/Versions/A/login
0x0000000267450000 	/System/Library/PrivateFrameworks/ManagedOrganizationContacts.framework/Versions/A/ManagedOrganizationContacts
0x000000019b21d000 	/System/Library/PrivateFrameworks/CloudDocs.framework/Versions/A/CloudDocs
0x00000001b5cd5000 	/System/Library/PrivateFrameworks/ProactiveEventTracker.framework/Versions/A/ProactiveEventTracker
0x00000001b53cc000 	/System/Library/PrivateFrameworks/CloudServices.framework/Versions/A/CloudServices
0x00000001a9dd1000 	/System/Library/PrivateFrameworks/OctagonTrust.framework/Versions/A/OctagonTrust
0x00000001a99c1000 	/System/Library/PrivateFrameworks/AppleIDAuthSupport.framework/Versions/A/AppleIDAuthSupport
0x00000001a48ab000 	/System/Library/PrivateFrameworks/KeychainCircle.framework/Versions/A/KeychainCircle
0x000000019fb87000 	/System/Library/PrivateFrameworks/AuthKit.framework/Versions/A/AuthKit
0x000000023f2d6000 	/System/Library/PrivateFrameworks/AAAFoundation.framework/Versions/A/AAAFoundation
0x00000001a43a4000 	/System/Library/PrivateFrameworks/MultiverseSupport.framework/Versions/A/MultiverseSupport
0x00000001a9ab2000 	/System/Library/PrivateFrameworks/DiskManagement.framework/Versions/A/DiskManagement
0x00000001b6317000 	/System/Library/PrivateFrameworks/URLFormatting.framework/Versions/A/URLFormatting
0x00000001bcfd0000 	/System/Library/PrivateFrameworks/FTServices.framework/Versions/A/FTServices
0x000000019c6d3000 	/System/Library/Frameworks/CoreLocation.framework/Versions/A/CoreLocation
0x00000001abc5f000 	/System/Library/Frameworks/Intents.framework/Versions/A/Intents
0x00000001c3e56000 	/usr/lib/swift/libswiftCoreLocation.dylib
0x00000001a5e0c000 	/System/Library/PrivateFrameworks/Sharing.framework/Versions/A/Sharing
0x00000001a57a0000 	/System/Library/PrivateFrameworks/IDSFoundation.framework/Versions/A/IDSFoundation
0x00000001ac2d8000 	/System/Library/PrivateFrameworks/Apple80211.framework/Versions/A/Apple80211
0x000000019f0c1000 	/System/Library/Frameworks/CoreWLAN.framework/Versions/A/CoreWLAN
0x00000001a3f85000 	/System/Library/PrivateFrameworks/IMFoundation.framework/Versions/A/IMFoundation
0x00000001b5736000 	/System/Library/PrivateFrameworks/Marco.framework/Versions/A/Marco
0x00000001984be000 	/System/Library/PrivateFrameworks/CommonUtilities.framework/Versions/A/CommonUtilities
0x00000001b2155000 	/System/Library/PrivateFrameworks/Engram.framework/Versions/A/Engram
0x000000028ce28000 	/System/Library/PrivateFrameworks/XPCDistributed.framework/Versions/A/XPCDistributed
0x00000001b20f3000 	/usr/lib/libtidy.A.dylib
0x00000001a2090000 	/System/Library/PrivateFrameworks/Bom.framework/Versions/A/Bom
0x00000001a43b1000 	/usr/lib/libParallelCompression.dylib
0x00000001a557b000 	/System/Library/PrivateFrameworks/IDS.framework/Versions/A/IDS
0x00000001aaa30000 	/System/Library/Frameworks/LocalAuthentication.framework/Versions/A/LocalAuthentication
0x0000000263260000 	/System/Library/PrivateFrameworks/LocalAuthenticationCore.framework/Versions/A/LocalAuthenticationCore
0x0000000263426000 	/System/Library/PrivateFrameworks/LocalAuthenticationCredentialServices.framework/Versions/A/LocalAuthenticationCredentialServices
0x00000001aaa9d000 	/System/Library/Frameworks/LocalAuthentication.framework/Support/SharedUtils.framework/Versions/A/SharedUtils
0x00000001acb28000 	/usr/lib/libcsfde.dylib
0x00000001a1a2d000 	/usr/lib/libCoreStorage.dylib
0x00000001a62eb000 	/System/Library/PrivateFrameworks/ProtectedCloudStorage.framework/Versions/A/ProtectedCloudStorage
0x00000001acb23000 	/System/Library/PrivateFrameworks/EFILogin.framework/Versions/A/EFILogin
0x0000000244ab3000 	/System/Library/PrivateFrameworks/AsyncAlgorithmsInternal.framework/Versions/A/AsyncAlgorithmsInternal
0x00000001cbf0a000 	/System/Library/PrivateFrameworks/FTAWD.framework/Versions/A/FTAWD
0x00000001ad563000 	/System/Library/PrivateFrameworks/IntentsFoundation.framework/Versions/A/IntentsFoundation
0x000000019ad8a000 	/System/Library/PrivateFrameworks/ApplePushService.framework/Versions/A/ApplePushService
0x000000019adf5000 	/System/Library/Frameworks/CloudKit.framework/Versions/A/CloudKit
0x00000001d3f28000 	/System/Library/PrivateFrameworks/DeviceIdentity.framework/Versions/A/DeviceIdentity
0x000000023c631000 	/System/Library/Frameworks/SharedWithYouCore.framework/Versions/A/SharedWithYouCore
0x0000000248079000 	/System/Library/PrivateFrameworks/CloudTelemetry.framework/Versions/A/CloudTelemetry
0x00000001acf9a000 	/System/Library/PrivateFrameworks/AppleAccount.framework/Versions/A/AppleAccount
0x00000001a485c000 	/System/Library/PrivateFrameworks/CacheDelete.framework/Versions/A/CacheDelete
0x00000001ad57e000 	/System/Library/PrivateFrameworks/C2.framework/Versions/A/C2
0x0000000247ccd000 	/System/Library/PrivateFrameworks/CloudCoreInternal.framework/Versions/A/CloudCoreInternal
0x0000000247a38000 	/System/Library/PrivateFrameworks/CloudAsset.framework/Versions/A/CloudAsset
0x00000001ad574000 	/System/Library/Frameworks/PushKit.framework/Versions/A/PushKit
0x00000001a9bd4000 	/System/Library/Frameworks/FileProvider.framework/Versions/A/FileProvider
0x00000001a9daa000 	/System/Library/PrivateFrameworks/GenerationalStorage.framework/Versions/A/GenerationalStorage
0x00000001960f9000 	/System/Library/PrivateFrameworks/DesktopServicesPriv.framework/Versions/A/DesktopServicesPriv
0x000000024809e000 	/System/Library/PrivateFrameworks/CloudTelemetryTools.framework/Versions/A/CloudTelemetryTools
0x000000024808f000 	/System/Library/PrivateFrameworks/CloudTelemetryShared.dylib
0x00000001af44c000 	/System/Library/PrivateFrameworks/RTCReporting.framework/Versions/A/RTCReporting
0x000000023f2f3000 	/System/Library/PrivateFrameworks/AAAFoundationSwift.framework/Versions/A/AAAFoundationSwift
0x00000001ad220000 	/System/Library/PrivateFrameworks/AppleIDSSOAuthentication.framework/Versions/A/AppleIDSSOAuthentication
0x00000001ad5db000 	/System/Library/Frameworks/QuickLookThumbnailing.framework/Versions/A/QuickLookThumbnailing
0x000000019aa24000 	/System/Library/PrivateFrameworks/ViewBridge.framework/Versions/A/ViewBridge
0x000000023e8ac000 	/System/Library/Frameworks/_AppIntents_AppKit.framework/Versions/A/_AppIntents_AppKit
0x00000001145e0000 	/usr/lib/libobjc-trampolines.dylib
0x00000001c4f40000 	/System/Library/Frameworks/SwiftUI.framework/Versions/A/SwiftUI
0x0000000281ba2000 	/System/Library/PrivateFrameworks/TextAnimationSupport.framework/Versions/A/TextAnimationSupport
0x0000000273ea9000 	/System/Library/PrivateFrameworks/RecapPerformanceTesting.framework/Versions/A/RecapPerformanceTesting
0x00000001bde3c000 	/System/Library/PrivateFrameworks/SignpostCollection.framework/Versions/A/SignpostCollection
0x00000001d15d3000 	/System/Library/PrivateFrameworks/SignpostSupport.framework/Versions/A/SignpostSupport
0x00000001d0c93000 	/System/Library/PrivateFrameworks/ktrace.framework/Versions/A/ktrace
0x00000001da763000 	/System/Library/PrivateFrameworks/kperfdata.framework/Versions/A/kperfdata
0x00000001a64c0000 	/usr/lib/libdscsym.dylib
0x00000001c3e3b000 	/System/Library/Frameworks/Accelerate.framework/Versions/A/Frameworks/vImage.framework/Versions/A/Libraries/libCGInterfaces.dylib
0x00000001c7459000 	/System/Library/CoreServices/RawCamera.bundle/Contents/MacOS/RawCamera
0x00000001d17ca000 	/System/Library/PrivateFrameworks/UIKitServices.framework/Versions/A/UIKitServices
0x000000013a7f0000 	/System/Library/Extensions/AGXMetalG17G.bundle/Contents/MacOS/AGXMetalG17G
0x00000001b542a000 	/System/Library/PrivateFrameworks/IOGPU.framework/Versions/A/IOGPU
0x000000028c926000 	/System/Library/PrivateFrameworks/WritingToolsUI.framework/Versions/A/WritingToolsUI
0x000000025a6eb000 	/System/Library/PrivateFrameworks/GenerativeAssistantSettings.framework/Versions/A/GenerativeAssistantSettings
0x0000000281cc6000 	/System/Library/PrivateFrameworks/TextComposer.framework/Versions/A/TextComposer
0x000000025a6be000 	/System/Library/PrivateFrameworks/GenerativeAssistantCommon.framework/Versions/A/GenerativeAssistantCommon
0x0000000241b28000 	/System/Library/PrivateFrameworks/Anvil.framework/Versions/A/Anvil
0x000000025ab73000 	/System/Library/PrivateFrameworks/GenerativePartnerService.framework/Versions/A/GenerativePartnerService
0x000000025ab9e000 	/System/Library/PrivateFrameworks/GenerativePartnerServiceUI.framework/Versions/A/GenerativePartnerServiceUI
0x00000001bd16b000 	/System/Library/Frameworks/SafariServices.framework/Versions/A/SafariServices
0x00000001ba50e000 	/System/Library/Frameworks/WebKit.framework/Versions/A/WebKit
0x000000023e8eb000 	/System/Library/Frameworks/_AuthenticationServices_SwiftUI.framework/Versions/A/_AuthenticationServices_SwiftUI
0x00000001c44bf000 	/System/Library/PrivateFrameworks/AppStoreDaemon.framework/Versions/A/AppStoreDaemon
0x00000001afafb000 	/System/Library/PrivateFrameworks/AppleMediaServices.framework/Versions/A/AppleMediaServices
0x00000001c070d000 	/System/Library/PrivateFrameworks/AppleMediaServicesUI.framework/Versions/A/AppleMediaServicesUI
0x00000001f3c7e000 	/System/Library/PrivateFrameworks/JetEngine.framework/Versions/A/JetEngine
0x00000001bde4c000 	/System/Library/PrivateFrameworks/OnBoardingKit.framework/Versions/A/OnBoardingKit
0x0000000276d46000 	/System/Library/PrivateFrameworks/Settings.framework/Versions/A/Settings
0x00000002375b1000 	/System/Library/Frameworks/ExtensionKit.framework/Versions/A/ExtensionKit
0x00000002375f4000 	/System/Library/Frameworks/FSKit.framework/Versions/A/FSKit
0x00000001af47d000 	/System/Library/Frameworks/WebKit.framework/Versions/A/Frameworks/WebKitLegacy.framework/Versions/A/WebKitLegacy
0x00000001bbf32000 	/System/Library/Frameworks/Carbon.framework/Versions/A/Carbon
0x00000001ad271000 	/System/Library/PrivateFrameworks/CorePrediction.framework/Versions/A/CorePrediction
0x000000019bb2a000 	/System/Library/Frameworks/WebKit.framework/Versions/A/Frameworks/WebCore.framework/Versions/A/Frameworks/libwebrtc.dylib
0x00000001a4419000 	/System/Library/Frameworks/SecurityInterface.framework/Versions/A/SecurityInterface
0x00000001bde4b000 	/System/Library/PrivateFrameworks/WebInspectorUI.framework/Versions/A/WebInspectorUI
0x00000001b2195000 	/System/Library/Frameworks/JavaScriptCore.framework/Versions/A/JavaScriptCore
0x00000001b6464000 	/System/Library/Frameworks/WebKit.framework/Versions/A/Frameworks/WebCore.framework/Versions/A/WebCore
0x00000001b218e000 	/System/Library/Frameworks/Carbon.framework/Versions/A/Frameworks/CommonPanels.framework/Versions/A/CommonPanels
0x00000001acb1f000 	/System/Library/Frameworks/Carbon.framework/Versions/A/Frameworks/Help.framework/Versions/A/Help
0x00000001b2192000 	/System/Library/Frameworks/Carbon.framework/Versions/A/Frameworks/ImageCapture.framework/Versions/A/ImageCapture
0x00000001b216d000 	/System/Library/Frameworks/Carbon.framework/Versions/A/Frameworks/OpenScripting.framework/Versions/A/OpenScripting
0x00000001b218d000 	/System/Library/Frameworks/Carbon.framework/Versions/A/Frameworks/Ink.framework/Versions/A/Ink
0x00000001b218a000 	/System/Library/Frameworks/Carbon.framework/Versions/A/Frameworks/SecurityHI.framework/Versions/A/SecurityHI
0x000000029293d000 	/usr/lib/libInterpreterSecurity.dylib
0x00000001d2b1a000 	/System/Library/PrivateFrameworks/XprotectFramework.framework/Versions/A/XprotectFramework
0x00000001b5737000 	/System/Library/PrivateFrameworks/yara.framework/Versions/A/yara
0x00000002928ba000 	/usr/lib/libEndpointSecuritySystem.dylib
0x00000002366b5000 	/System/Library/Frameworks/BrowserEngineCore.framework/Versions/A/BrowserEngineCore
0x000000023e465000 	/System/Library/Frameworks/WebKit.framework/Versions/A/Frameworks/WebCore.framework/Versions/A/Frameworks/libANGLE-shared.dylib
0x000000028b181000 	/System/Library/PrivateFrameworks/WebGPU.framework/Versions/A/WebGPU
0x00000001bfd88000 	/System/Library/Frameworks/SceneKit.framework/Versions/A/SceneKit
0x00000001d1661000 	/System/Library/Frameworks/ModelIO.framework/Versions/A/ModelIO
0x00000001a63e9000 	/System/Library/Frameworks/MetalKit.framework/Versions/A/MetalKit
0x00000001a870f000 	/System/Library/Frameworks/GLKit.framework/Versions/A/GLKit
0x0000000294931000 	/usr/lib/usd/libusd_ms.dylib
0x00000002863a9000 	/System/Library/PrivateFrameworks/USDLib_FormatLoaderProxy.framework/Versions/A/USDLib_FormatLoaderProxy
0x00000002945da000 	/usr/lib/swift/libswift_errno.dylib
0x00000001bcfb1000 	/System/Library/PrivateFrameworks/CoreOptimization.framework/Versions/A/CoreOptimization
0x0000000244fb5000 	/System/Library/PrivateFrameworks/AuthenticationServicesCore.framework/Versions/A/AuthenticationServicesCore
0x00000001c78f0000 	/System/Library/Frameworks/AuthenticationServices.framework/Versions/A/AuthenticationServices
0x00000001a19c0000 	/System/Library/PrivateFrameworks/SharedWebCredentials.framework/Versions/A/SharedWebCredentials
0x00000001bed15000 	/System/Library/PrivateFrameworks/SafariCore.framework/Versions/A/SafariCore
0x00000001c7402000 	/System/Library/PrivateFrameworks/SafariFoundation.framework/Versions/A/SafariFoundation
0x000000024628c000 	/System/Library/PrivateFrameworks/CBORLibrary.framework/Versions/A/CBORLibrary
0x00000002472eb000 	/System/Library/PrivateFrameworks/Chirp.framework/Versions/A/Chirp
0x0000000247f3c000 	/System/Library/PrivateFrameworks/CloudSubscriptionFeatures.framework/Versions/A/CloudSubscriptionFeatures
0x00000001f50c1000 	/System/Library/PrivateFrameworks/RemoteManagement.framework/Versions/A/RemoteManagement
0x0000000274298000 	/System/Library/PrivateFrameworks/RemoteManagementModel.framework/Versions/A/RemoteManagementModel
0x0000000274329000 	/System/Library/PrivateFrameworks/RemoteManagementStore.framework/Versions/A/RemoteManagementStore
0x00000001a6408000 	/usr/lib/libxcselect.dylib
0x00000001c7371000 	/System/Library/PrivateFrameworks/DifferentialPrivacy.framework/Versions/A/DifferentialPrivacy
0x0000000267456000 	/System/Library/PrivateFrameworks/ManagedSettingsObjC.framework/Versions/A/ManagedSettingsObjC
0x00000001ae65c000 	/System/Library/PrivateFrameworks/ConfigurationProfiles.framework/Versions/A/ConfigurationProfiles
0x00000002634b0000 	/System/Library/PrivateFrameworks/LockdownMode.framework/Versions/A/LockdownMode
0x000000028700e000 	/System/Library/PrivateFrameworks/VDAF.framework/Versions/A/VDAF
0x00000001a8af5000 	/System/Library/PrivateFrameworks/SystemAdministration.framework/Versions/A/SystemAdministration
0x00000001b3c3e000 	/System/Library/PrivateFrameworks/PowerlogControl.framework/Versions/A/PowerlogControl
0x00000001b3c40000 	/usr/lib/libUniversalAccess.dylib
0x00000001b05c5000 	/System/Library/PrivateFrameworks/FamilyControls.framework/Versions/A/FamilyControls
0x00000001a83d5000 	/System/Library/Frameworks/DirectoryService.framework/Versions/A/DirectoryService
0x00000001acbb5000 	/System/Library/PrivateFrameworks/LoginUIKit.framework/Versions/A/Frameworks/LoginUICore.framework/Versions/A/LoginUICore
0x00000001a208e000 	/usr/lib/libodfde.dylib
0x00000001b05bf000 	/System/Library/PrivateFrameworks/UniversalAccess.framework/Versions/A/Libraries/libUAPreferences.dylib
0x00000001b05e7000 	/System/Library/PrivateFrameworks/CommerceKit.framework/Versions/A/Frameworks/CommerceCore.framework/Versions/A/CommerceCore
0x00000001a4453000 	/System/Library/PrivateFrameworks/CoreFollowUp.framework/Versions/A/CoreFollowUp
0x000000024ef1d000 	/System/Library/PrivateFrameworks/DMCUtilities.framework/Versions/A/DMCUtilities
0x000000026353f000 	/System/Library/PrivateFrameworks/MDMClientLibrary.framework/Versions/A/MDMClientLibrary
0x000000027431d000 	/System/Library/PrivateFrameworks/RemoteManagementProtocol.framework/Versions/A/RemoteManagementProtocol
0x000000024ee7f000 	/System/Library/PrivateFrameworks/DEPClientLibrary.framework/Versions/A/DEPClientLibrary
0x000000024eeac000 	/System/Library/PrivateFrameworks/DMCEnrollmentLibrary.framework/Versions/A/DMCEnrollmentLibrary
0x00000001b3d24000 	/System/Library/PrivateFrameworks/SetupAssistantFramework.framework/Versions/A/SetupAssistantFramework
0x00000001ad2c7000 	/System/Library/PrivateFrameworks/AuthKitUI.framework/Versions/A/AuthKitUI
0x00000001acbff000 	/System/Library/PrivateFrameworks/AppSSO.framework/Versions/A/AppSSO
0x00000001c4212000 	/System/Library/PrivateFrameworks/LocalAuthenticationUI.framework/Versions/A/LocalAuthenticationUI
0x0000000271858000 	/System/Library/PrivateFrameworks/PlatformSSO.framework/Versions/A/PlatformSSO
0x0000000271946000 	/System/Library/PrivateFrameworks/PlatformSSOCore.framework/Versions/A/PlatformSSOCore
0x00000002388b0000 	/System/Library/Frameworks/LocalAuthenticationEmbeddedUI.framework/Versions/A/LocalAuthenticationEmbeddedUI
0x00000001c4d0a000 	/System/Library/PrivateFrameworks/AOSUI.framework/Versions/A/AOSUI
0x00000001b5a96000 	/System/Library/Frameworks/ContactsUI.framework/Versions/A/ContactsUI
0x00000001a9751000 	/System/Library/PrivateFrameworks/FamilyCircle.framework/Versions/A/FamilyCircle
0x00000001d2f29000 	/System/Library/Frameworks/LinkPresentation.framework/Versions/A/LinkPresentation
0x00000001b561b000 	/System/Library/PrivateFrameworks/IASUtilities.framework/Versions/A/IASUtilities
0x000000025df18000 	/System/Library/PrivateFrameworks/IASUtilitiesCore.framework/Versions/A/IASUtilitiesCore
0x0000000274392000 	/System/Library/PrivateFrameworks/RemoteUI.framework/Versions/A/RemoteUI
0x00000002627ca000 	/System/Library/PrivateFrameworks/LiftUI.framework/Versions/A/LiftUI
0x000000028cf4d000 	/System/Library/PrivateFrameworks/_IconServices_SwiftUI.framework/Versions/A/_IconServices_SwiftUI
0x0000000247e72000 	/System/Library/PrivateFrameworks/CloudSettings.framework/Versions/A/CloudSettings
0x00000001af248000 	/System/Library/Frameworks/EventKit.framework/Versions/A/EventKit
0x00000001be065000 	/System/Library/PrivateFrameworks/SearchFoundation.framework/Versions/A/SearchFoundation
0x00000001d508c000 	/System/Library/PrivateFrameworks/Email.framework/Versions/A/Email
0x00000001bcbc1000 	/System/Library/PrivateFrameworks/CoreRoutine.framework/Versions/A/CoreRoutine
0x00000001f4a1a000 	/System/Library/PrivateFrameworks/VoiceShortcutClient.framework/Versions/A/VoiceShortcutClient
0x00000001ccae2000 	/System/Library/PrivateFrameworks/Categories.framework/Versions/A/Categories
0x00000001c4baf000 	/System/Library/PrivateFrameworks/ChronoServices.framework/Versions/A/ChronoServices
0x0000000246d23000 	/System/Library/PrivateFrameworks/CalendarDatabase.framework/Versions/A/CalendarDatabase
0x0000000246c64000 	/System/Library/PrivateFrameworks/CalendarDaemon.framework/Versions/A/CalendarDaemon
0x00000001ae597000 	/System/Library/PrivateFrameworks/CalendarFoundation.framework/Versions/A/CalendarFoundation
0x00000001ae552000 	/System/Library/PrivateFrameworks/iCalendar.framework/Versions/A/iCalendar
0x000000024f122000 	/System/Library/PrivateFrameworks/DataAccessExpress.framework/Versions/A/DataAccessExpress
0x00000001b5bfe000 	/System/Library/PrivateFrameworks/ContactsAutocomplete.framework/Versions/A/ContactsAutocomplete
0x00000001c4afb000 	/System/Library/PrivateFrameworks/FTClientServices.framework/Versions/A/FTClientServices
0x000000028031d000 	/System/Library/PrivateFrameworks/StorageContainersPrivate.framework/Versions/A/StorageContainersPrivate
0x0000000294269000 	/usr/lib/swift/libswiftCoreMediaIO.dylib
0x00000001b549c000 	/System/Library/PrivateFrameworks/CoreDAV.framework/Versions/A/CoreDAV
0x00000001af112000 	/System/Library/PrivateFrameworks/CalDAV.framework/Versions/A/CalDAV
0x00000001ba164000 	/System/Library/PrivateFrameworks/TelephonyUtilities.framework/Versions/A/TelephonyUtilities
0x000000023886c000 	/System/Library/Frameworks/LiveCommunicationKit.framework/Versions/A/LiveCommunicationKit
0x0000000248798000 	/System/Library/PrivateFrameworks/CommunicationTrust.framework/Versions/A/CommunicationTrust
0x00000001beb24000 	/System/Library/Frameworks/CallKit.framework/Versions/A/CallKit
0x00000001a974a000 	/System/Library/PrivateFrameworks/CommunicationsFilter.framework/Versions/A/CommunicationsFilter
0x00000001e9765000 	/System/Library/PrivateFrameworks/IMTransferServices.framework/Versions/A/IMTransferServices
0x00000001bcfca000 	/System/Library/PrivateFrameworks/IncomingCallFilter.framework/Versions/A/IncomingCallFilter
0x000000026c626000 	/System/Library/PrivateFrameworks/NeighborhoodActivityConduit.framework/Versions/A/NeighborhoodActivityConduit
0x00000001c10bf000 	/System/Library/PrivateFrameworks/CallHistory.framework/Versions/A/CallHistory
0x000000029274a000 	/usr/lib/libBASupport.dylib
0x0000000247169000 	/System/Library/PrivateFrameworks/CallsUtilities.framework/Versions/A/CallsUtilities
0x0000000247175000 	/System/Library/PrivateFrameworks/CallsXPC.framework/Versions/A/CallsXPC
0x00000001f522c000 	/usr/lib/swift/libswiftCallKit.dylib
0x000000024715b000 	/System/Library/PrivateFrameworks/CallsPersistence.framework/Versions/A/CallsPersistence
0x000000023c47f000 	/System/Library/Frameworks/SensitiveContentAnalysis.framework/Versions/A/SensitiveContentAnalysis
0x00000001c212f000 	/System/Library/PrivateFrameworks/PeopleSuggester.framework/Versions/A/PeopleSuggester
0x00000001cb869000 	/System/Library/PrivateFrameworks/SpotlightReceiver.framework/Versions/A/SpotlightReceiver
0x000000028cf0d000 	/System/Library/PrivateFrameworks/_AppIntentsServices_AppIntents.framework/Versions/A/_AppIntentsServices_AppIntents
0x0000000241f86000 	/System/Library/PrivateFrameworks/AppIntentsServices.framework/Versions/A/AppIntentsServices
0x00000001ae53b000 	/System/Library/PrivateFrameworks/CoreRecents.framework/Versions/A/CoreRecents
0x000000023e96e000 	/System/Library/Frameworks/_GeoToolbox_AppIntents.framework/Versions/A/_GeoToolbox_AppIntents
0x00000001deeca000 	/System/Library/PrivateFrameworks/DiagnosticRequest.framework/Versions/A/DiagnosticRequest
0x0000000273f5a000 	/System/Library/PrivateFrameworks/RegulatoryDomain.framework/Versions/A/RegulatoryDomain
0x00000001a87e7000 	/usr/lib/libCTGreenTeaLogger.dylib
0x0000000263483000 	/System/Library/PrivateFrameworks/LocalStatusKit.framework/Versions/A/LocalStatusKit
0x00000001ba04b000 	/System/Library/PrivateFrameworks/CoreParsec.framework/Versions/A/CoreParsec
0x00000001d5080000 	/System/Library/PrivateFrameworks/EmailAddressing.framework/Versions/A/EmailAddressing
0x00000001d0e6a000 	/System/Library/PrivateFrameworks/EmailCore.framework/Versions/A/EmailCore
0x00000001d1f5b000 	/System/Library/PrivateFrameworks/EmailFoundation.framework/Versions/A/EmailFoundation
0x000000026f12f000 	/System/Library/PrivateFrameworks/PegasusAPI.framework/Versions/A/PegasusAPI
0x000000026feeb000 	/System/Library/PrivateFrameworks/PegasusConfiguration.framework/Versions/A/PegasusConfiguration
0x00000002847d8000 	/System/Library/PrivateFrameworks/ToolKit.framework/Versions/A/ToolKit
0x0000000274741000 	/System/Library/PrivateFrameworks/ReplicatorEngine.framework/Versions/A/ReplicatorEngine
0x00000002748fc000 	/System/Library/PrivateFrameworks/ReplicatorServices.framework/Versions/A/ReplicatorServices
0x0000000281472000 	/System/Library/PrivateFrameworks/SystemWake.framework/Versions/A/SystemWake
0x00000001becfb000 	/System/Library/PrivateFrameworks/ContextKit.framework/Versions/A/ContextKit
0x0000000248d34000 	/System/Library/PrivateFrameworks/ContextKitCore.framework/Versions/A/ContextKitCore
0x00000001bd260000 	/System/Library/Frameworks/LocalAuthentication.framework/Support/DaemonUtils.framework/Versions/A/DaemonUtils
0x00000002633e5000 	/System/Library/PrivateFrameworks/LocalAuthenticationCoreUI.framework/Versions/A/LocalAuthenticationCoreUI
0x00000001c06d3000 	/System/Library/PrivateFrameworks/BridgeXPC.framework/Versions/A/BridgeXPC
0x00000001bdf2c000 	/System/Library/PrivateFrameworks/CoreKDL.framework/Versions/A/CoreKDL
0x00000001bc557000 	/System/Library/PrivateFrameworks/EmbeddedOSSupportHost.framework/Versions/A/EmbeddedOSSupportHost
0x00000001b1112000 	/System/Library/PrivateFrameworks/LoginUIKit.framework/Versions/A/LoginUIKit
0x00000001ccfe2000 	/System/Library/PrivateFrameworks/StorageKit.framework/Versions/A/StorageKit
0x0000000233dbe000 	/System/Library/Frameworks/DeviceCheck.framework/Versions/A/DeviceCheck
0x000000024fb19000 	/System/Library/PrivateFrameworks/DiskImages2.framework/Versions/A/DiskImages2
0x00000001cd05c000 	/System/Library/PrivateFrameworks/CoreWLANKit.framework/Versions/A/CoreWLANKit
0x000000028a4d6000 	/System/Library/PrivateFrameworks/Wallpaper.framework/Versions/A/Wallpaper
0x0000000294284000 	/usr/lib/swift/libswiftGLKit.dylib
0x0000000294290000 	/usr/lib/swift/libswiftMetalKit.dylib
0x0000000294292000 	/usr/lib/swift/libswiftModelIO.dylib
0x0000000294355000 	/usr/lib/swift/libswiftSceneKit.dylib
0x00000001d6005000 	/System/Library/PrivateFrameworks/DynamicDesktop.framework/Versions/A/DynamicDesktop
0x000000028a669000 	/System/Library/PrivateFrameworks/WallpaperFoundation.framework/Versions/A/WallpaperFoundation
0x000000028a6c8000 	/System/Library/PrivateFrameworks/WallpaperTypes.framework/Versions/A/WallpaperTypes
0x00000001eb558000 	/System/Library/PrivateFrameworks/SystemDesktopAppearance.framework/Versions/A/SystemDesktopAppearance
0x0000000290012000 	/System/Library/PrivateFrameworks/icloudMCCKit.framework/Versions/A/icloudMCCKit
0x000000024327d000 	/System/Library/PrivateFrameworks/AppleAccountUI.framework/Versions/A/AppleAccountUI
0x00000001df4f1000 	/System/Library/PrivateFrameworks/PreferencePanesSupport.framework/Versions/A/PreferencePanesSupport
0x00000001c4eb8000 	/System/Library/PrivateFrameworks/FindMyDeviceUI.framework/Versions/A/FindMyDeviceUI
0x000000028dbee000 	/System/Library/PrivateFrameworks/iCloudQuotaUI.framework/Versions/A/iCloudQuotaUI
0x00000001df6a2000 	/System/Library/PrivateFrameworks/CoreCDPUI.framework/Versions/A/CoreCDPUI
0x00000001bea54000 	/System/Library/PrivateFrameworks/CoreFollowUpUI.framework/Versions/A/CoreFollowUpUI
0x00000001cbaed000 	/System/Library/PrivateFrameworks/IMCore.framework/Versions/A/IMCore
0x00000001b3ca5000 	/System/Library/PrivateFrameworks/CoreCDP.framework/Versions/A/CoreCDP
0x00000001afae6000 	/System/Library/PrivateFrameworks/AskPermission.framework/Versions/A/AskPermission
0x00000001c284e000 	/System/Library/Frameworks/Quartz.framework/Versions/A/Quartz
0x00000001cf544000 	/System/Library/PrivateFrameworks/CloudPhotoServicesConfiguration.framework/Versions/A/CloudPhotoServicesConfiguration
0x00000001c0edf000 	/System/Library/PrivateFrameworks/CommerceKit.framework/Versions/A/CommerceKit
0x00000001d0f3c000 	/System/Library/PrivateFrameworks/FindMyMac.framework/Versions/A/FindMyMac
0x00000001d0e0c000 	/System/Library/Frameworks/PreferencePanes.framework/Versions/A/PreferencePanes
0x00000001c4300000 	/System/Library/Frameworks/AddressBook.framework/Versions/A/AddressBook
0x00000001ae981000 	/System/Library/PrivateFrameworks/AOSAccounts.framework/Versions/A/AOSAccounts
0x00000001a8aef000 	/System/Library/PrivateFrameworks/AppleSRP.framework/Versions/A/AppleSRP
0x00000001ad4ae000 	/System/Library/PrivateFrameworks/NetFSServer.framework/Versions/A/NetFSServer
0x00000001bfc60000 	/System/Library/Frameworks/PDFKit.framework/Versions/A/PDFKit
0x00000002942a8000 	/usr/lib/swift/libswiftPassKit.dylib
0x00000001e3736000 	/System/Library/Frameworks/PassKit.framework/Versions/A/PassKit
0x00000001b121f000 	/System/Library/PrivateFrameworks/PassKitCore.framework/Versions/A/PassKitCore
0x000000026ea49000 	/System/Library/PrivateFrameworks/PassKitMacHelperTemp.framework/Versions/A/PassKitMacHelperTemp
0x00000002926a5000 	/usr/lib/libAppleSSE.dylib
0x00000001bd2a8000 	/System/Library/PrivateFrameworks/BiometricKit.framework/Versions/A/BiometricKit
0x0000000274f5a000 	/System/Library/PrivateFrameworks/SEService.framework/Versions/A/SEService
0x00000002376bf000 	/System/Library/Frameworks/FinanceKit.framework/Versions/A/FinanceKit
0x00000001c28fa000 	/System/Library/PrivateFrameworks/NearField.framework/Versions/A/NearField
0x0000000274ed1000 	/System/Library/PrivateFrameworks/SESShared.framework/Versions/A/SESShared
0x00000002751c3000 	/System/Library/PrivateFrameworks/STSXPCHelperClient.framework/Versions/A/STSXPCHelperClient
0x00000001c4719000 	/usr/lib/libnfshared.dylib
0x00000002811f2000 	/System/Library/PrivateFrameworks/Symptoms.framework/Versions/A/Frameworks/SymptomPresentationFeed.framework/Versions/A/SymptomPresentationFeed
0x0000000243d4f000 	/System/Library/PrivateFrameworks/AppleMediaServicesKitInternal.framework/Versions/A/AppleMediaServicesKitInternal
0x0000000280f2e000 	/System/Library/PrivateFrameworks/SymptomShared.framework/Versions/A/SymptomShared
0x00000001e65f3000 	/System/Library/PrivateFrameworks/PassKitUIFoundation.framework/Versions/A/PassKitUIFoundation
0x00000001a8413000 	/System/Library/Frameworks/MapKit.framework/Versions/A/MapKit
0x000000025ac42000 	/System/Library/PrivateFrameworks/GeoAnalytics.framework/Versions/A/GeoAnalytics
0x00000001c4747000 	/System/Library/PrivateFrameworks/Navigation.framework/Versions/A/Navigation
0x00000001ce5c5000 	/System/Library/PrivateFrameworks/VectorKit.framework/Versions/A/VectorKit
0x00000001b56e4000 	/System/Library/PrivateFrameworks/VirtualGarage.framework/Versions/A/VirtualGarage
0x00000001c4944000 	/System/Library/Frameworks/ExternalAccessory.framework/ExternalAccessory
0x00000001c495f000 	/System/Library/PrivateFrameworks/IAP.framework/Versions/A/IAP
0x00000001a86d5000 	/System/Library/PrivateFrameworks/IOPlatformPluginFamily.framework/Versions/A/IOPlatformPluginFamily
0x000000024510b000 	/System/Library/PrivateFrameworks/AvatarKit.framework/Versions/A/AvatarKit
0x00000002451ca000 	/System/Library/PrivateFrameworks/AvatarPersistence.framework/Versions/A/AvatarPersistence
0x000000023dddf000 	/System/Library/Frameworks/TipKit.framework/Versions/A/TipKit
0x00000001b0ce3000 	/System/Library/PrivateFrameworks/IMSharedUtilities.framework/Versions/A/IMSharedUtilities
0x0000000294249000 	/usr/lib/swift/libswiftAppleArchive.dylib
0x000000028710a000 	/System/Library/PrivateFrameworks/VFX.framework/Versions/A/VFX
0x00000001e12f4000 	/System/Library/PrivateFrameworks/AppleCVA.framework/Versions/A/AppleCVA
0x00000002451c9000 	/System/Library/PrivateFrameworks/AvatarKitContent.framework/Versions/A/AvatarKitContent
0x0000000239615000 	/System/Library/Frameworks/MetalFX.framework/Versions/A/MetalFX
0x00000002488af000 	/System/Library/PrivateFrameworks/CompositorNonUI.framework/Versions/A/CompositorNonUI
0x0000000235934000 	/System/Library/Frameworks/ARKit.framework/Versions/A/ARKit
0x00000002405dd000 	/System/Library/PrivateFrameworks/ARKitCore.framework/Versions/A/ARKitCore
0x0000000292796000 	/usr/lib/libDisplayWarpSupport.dylib
0x000000024ab7f000 	/System/Library/PrivateFrameworks/CoreComposite.framework/Versions/A/CoreComposite
0x000000029322d000 	/usr/lib/libchannel.dylib
0x0000000293ea3000 	/usr/lib/librealtime_safety.dylib
0x0000000240669000 	/System/Library/PrivateFrameworks/ARKitFoundation.framework/Versions/A/ARKitFoundation
0x0000000243319000 	/System/Library/PrivateFrameworks/AppleDepth.framework/Versions/A/AppleDepth
0x0000000243496000 	/System/Library/PrivateFrameworks/AppleDepthCore.framework/Versions/A/AppleDepthCore
0x00000001a880f000 	/System/Library/PrivateFrameworks/CoreAppleCVA.framework/Versions/A/CoreAppleCVA
0x00000001b5816000 	/System/Library/PrivateFrameworks/ContactsUICore.framework/Versions/A/ContactsUICore
0x00000001bd0d5000 	/System/Library/PrivateFrameworks/ContactsDonation.framework/Versions/A/ContactsDonation
0x00000001bc992000 	/System/Library/PrivateFrameworks/DataDetectors.framework/Versions/A/DataDetectors
0x00000001af0fe000 	/System/Library/Frameworks/MediaLibrary.framework/Versions/A/MediaLibrary
0x00000001a9739000 	/System/Library/PrivateFrameworks/PersonaKit.framework/Versions/A/PersonaKit
0x00000001b5803000 	/System/Library/PrivateFrameworks/PersonaUI.framework/Versions/A/PersonaUI
0x00000001d0822000 	/System/Library/PrivateFrameworks/Transparency.framework/Versions/A/Transparency
0x0000000251673000 	/System/Library/PrivateFrameworks/FindMyLocate.framework/Versions/A/FindMyLocate
0x00000001be9d2000 	/System/Library/PrivateFrameworks/IntlPreferences.framework/Versions/A/IntlPreferences
0x000000024ebd6000 	/System/Library/PrivateFrameworks/CoreTransparency.framework/Versions/A/CoreTransparency
0x0000000251547000 	/System/Library/PrivateFrameworks/FindMyCommon.framework/Versions/A/FindMyCommon
0x000000025131a000 	/System/Library/PrivateFrameworks/FindMyBase.framework/Versions/A/FindMyBase
0x000000023b0aa000 	/System/Library/Frameworks/NearbyInteraction.framework/Versions/A/NearbyInteraction
0x00000001a932a000 	/System/Library/PrivateFrameworks/AddressBookCore.framework/Versions/A/AddressBookCore
0x00000001c449d000 	/System/Library/PrivateFrameworks/ToneKit.framework/Versions/A/ToneKit
0x00000001bea19000 	/System/Library/PrivateFrameworks/ToneLibrary.framework/Versions/A/ToneLibrary
0x0000000248bb6000 	/System/Library/PrivateFrameworks/ContactsAccounts.framework/Versions/A/ContactsAccounts
0x00000001c2765000 	/System/Library/PrivateFrameworks/Lookup.framework/Versions/A/Lookup
0x000000023b9cb000 	/System/Library/Frameworks/QuickLookUI.framework/Versions/A/QuickLookUI
0x000000023c3f8000 	/System/Library/Frameworks/ScreenCaptureKit.framework/Versions/A/ScreenCaptureKit
0x00000001bf77f000 	/System/Library/Frameworks/Quartz.framework/Versions/A/Frameworks/QuartzComposer.framework/Versions/A/QuartzComposer
0x00000001be9a9000 	/System/Library/Frameworks/Quartz.framework/Versions/A/Frameworks/QuartzFilters.framework/Versions/A/QuartzFilters
0x00000001bda30000 	/System/Library/Frameworks/Quartz.framework/Versions/A/Frameworks/ImageKit.framework/Versions/A/ImageKit
0x0000000235735000 	/System/Library/Frameworks/OpenCL.framework/Versions/A/OpenCL
0x00000001bbf31000 	/System/Library/PrivateFrameworks/CorePDF.framework/Versions/A/CorePDF
0x00000001a6382000 	/System/Library/Frameworks/QuickLook.framework/Versions/A/QuickLook
0x00000001b110d000 	/System/Library/PrivateFrameworks/DisplayServices.framework/Versions/A/DisplayServices
0x00000001be92d000 	/System/Library/Frameworks/ImageCaptureCore.framework/Versions/A/ImageCaptureCore
0x0000000289019000 	/System/Library/PrivateFrameworks/VisionKitCore.framework/Versions/A/VisionKitCore
0x00000001ba01b000 	/System/Library/PrivateFrameworks/QuickLookSupport.framework/Versions/A/QuickLookSupport
0x0000000267d48000 	/System/Library/PrivateFrameworks/MediaAnalysisServices.framework/Versions/A/MediaAnalysisServices
0x00000001c16f2000 	/System/Library/PrivateFrameworks/PhotoLibraryServices.framework/Versions/A/PhotoLibraryServices
0x00000001be53e000 	/System/Library/Frameworks/Photos.framework/Versions/A/Photos
0x00000001d332e000 	/System/Library/PrivateFrameworks/PhotosFormats.framework/Versions/A/PhotosFormats
0x0000000288163000 	/System/Library/PrivateFrameworks/VectorSearch.framework/Versions/A/VectorSearch
0x00000001cf570000 	/System/Library/PrivateFrameworks/CloudPhotoLibrary.framework/Versions/A/CloudPhotoLibrary
0x00000001d8db1000 	/System/Library/PrivateFrameworks/CloudPhotoServices.framework/Versions/A/CloudPhotoServices
0x00000001d5202000 	/System/Library/PrivateFrameworks/CoreMediaStream.framework/Versions/A/CoreMediaStream
0x00000001a9e03000 	/System/Library/PrivateFrameworks/CPAnalytics.framework/Versions/A/CPAnalytics
0x00000001d1598000 	/System/Library/PrivateFrameworks/MediaConversionService.framework/Versions/A/MediaConversionService
0x00000001b0ccf000 	/System/Library/PrivateFrameworks/PhotoFoundation.framework/Versions/A/PhotoFoundation
0x0000000270516000 	/System/Library/PrivateFrameworks/PhotoLibraryServicesCore.framework/Versions/A/PhotoLibraryServicesCore
0x00000001cb1d4000 	/System/Library/PrivateFrameworks/MMCS.framework/Versions/A/MMCS
0x00000001aef59000 	/System/Library/PrivateFrameworks/ChunkingLibrary.framework/Versions/A/ChunkingLibrary
0x00000001a8abc000 	/System/Library/PrivateFrameworks/AssetCacheServices.framework/Versions/A/AssetCacheServices
0x00000001aaaab000 	/System/Library/PrivateFrameworks/AVFoundationCF.framework/Versions/A/AVFoundationCF
0x00000001e965c000 	/usr/lib/swift/libswiftDemangle.dylib
0x000000025e107000 	/System/Library/PrivateFrameworks/ImageCaptureDevices.framework/Versions/A/ImageCaptureDevices
0x00000001bcc57000 	/System/Library/PrivateFrameworks/MediaStream.framework/Versions/A/MediaStream
0x00000001d1a86000 	/System/Library/PrivateFrameworks/NeutrinoCore.framework/Versions/A/NeutrinoCore
0x0000000197d4a000 	/System/Library/PrivateFrameworks/NLP.framework/Versions/A/NLP
0x00000001d7b06000 	/System/Library/PrivateFrameworks/PhotoImaging.framework/Versions/A/PhotoImaging
0x00000001d8d72000 	/System/Library/PrivateFrameworks/PhotosImagingFoundation.framework/Versions/A/PhotosImagingFoundation
0x00000002710c3000 	/System/Library/PrivateFrameworks/PhotosIntelligenceCore.framework/Versions/A/PhotosIntelligenceCore
0x00000001aaf42000 	/System/Library/PrivateFrameworks/EmbeddedAcousticRecognition.framework/Versions/A/EmbeddedAcousticRecognition
0x00000001c66d0000 	/System/Library/PrivateFrameworks/EmojiFoundation.framework/Versions/A/EmojiFoundation
0x00000001cf7e9000 	/System/Library/PrivateFrameworks/SDAPI.framework/Versions/A/SDAPI
0x0000000261e91000 	/System/Library/PrivateFrameworks/IsolatedContextLogging.framework/Versions/A/IsolatedContextLogging
0x00000001d8dc0000 	/System/Library/PrivateFrameworks/AutoLoop.framework/Versions/A/AutoLoop
0x0000000271ce9000 	/System/Library/PrivateFrameworks/Portrait.framework/Versions/A/Portrait
0x0000000251d98000 	/System/Library/PrivateFrameworks/FusionTracker.framework/Versions/A/FusionTracker
0x00000001bf202000 	/System/Library/PrivateFrameworks/iTunesCloud.framework/Versions/A/iTunesCloud
0x00000001c85f1000 	/System/Library/PrivateFrameworks/DAAPKit.framework/Versions/A/DAAPKit
0x00000001ba3b4000 	/System/Library/PrivateFrameworks/DeviceManagement.framework/Versions/A/DeviceManagement
0x00000001dee1c000 	/System/Library/PrivateFrameworks/ScreenTimeUI.framework/Versions/A/ScreenTimeUI
0x00000001bc98c000 	/System/Library/PrivateFrameworks/QuickLookNonBaseSystem.framework/Versions/A/QuickLookNonBaseSystem
0x00000001bd1ab000 	/System/Library/PrivateFrameworks/Catalyst.framework/Versions/A/Catalyst
0x00000001bebcc000 	/System/Library/PrivateFrameworks/ScreenTimeCore.framework/Versions/A/ScreenTimeCore
0x00000001d2785000 	/System/Library/PrivateFrameworks/ScreenTimeServiceUI.framework/Versions/A/ScreenTimeServiceUI
0x00000001cb366000 	/System/Library/PrivateFrameworks/ConfigurationEngineModel.framework/Versions/A/ConfigurationEngineModel
0x00000001ce57f000 	/System/Library/PrivateFrameworks/UsageTracking.framework/Versions/A/UsageTracking
0x000000023730c000 	/System/Library/Frameworks/DeviceActivity.framework/Versions/A/DeviceActivity
0x00000001ce54e000 	/System/Library/PrivateFrameworks/KnowledgeMonitor.framework/Versions/A/KnowledgeMonitor
0x00000001e6599000 	/System/Library/PrivateFrameworks/BluetoothManager.framework/Versions/A/BluetoothManager
0x00000002389a3000 	/System/Library/Frameworks/ManagedSettings.framework/Versions/A/ManagedSettings
0x000000026749b000 	/System/Library/PrivateFrameworks/ManagedSettingsSupport.framework/Versions/A/ManagedSettingsSupport
0x00000001e3807000 	/System/Library/Frameworks/ReplayKit.framework/Versions/A/ReplayKit
0x00000001b2127000 	/System/Library/PrivateFrameworks/MarkupUI.framework/Versions/A/MarkupUI
0x00000001bc963000 	/System/Library/PrivateFrameworks/SidecarCore.framework/Versions/A/SidecarCore
0x00000001bf633000 	/System/Library/PrivateFrameworks/AnnotationKit.framework/Versions/A/AnnotationKit
0x00000001bdc63000 	/System/Library/Frameworks/PencilKit.framework/Versions/A/PencilKit
0x00000001bde27000 	/System/Library/PrivateFrameworks/SidecarUI.framework/Versions/A/SidecarUI
0x00000001bd5ce000 	/System/Library/PrivateFrameworks/CoreHandwriting.framework/Versions/A/CoreHandwriting
0x000000019193b000 	/usr/lib/libmecabra.dylib
0x00000001b5e10000 	/System/Library/PrivateFrameworks/Calculate.framework/Versions/A/Calculate
0x00000001a1772000 	/usr/lib/libChineseTokenizer.dylib
0x00000001f4fe6000 	/System/Library/PrivateFrameworks/ScreenReaderCore.framework/Versions/A/ScreenReaderCore
0x00000002802af000 	/System/Library/PrivateFrameworks/StocksKit.framework/Versions/A/StocksKit
0x00000001b4dbd000 	/System/Library/PrivateFrameworks/OAuth.framework/Versions/A/OAuth
0x000000027ffa5000 	/System/Library/PrivateFrameworks/StocksCore.framework/Versions/A/StocksCore
0x0000000281782000 	/System/Library/PrivateFrameworks/TeaFoundation.framework/Versions/A/TeaFoundation
0x0000000281969000 	/System/Library/PrivateFrameworks/TeaSettings.framework/Versions/A/TeaSettings
0x00000001ead75000 	/System/Library/PrivateFrameworks/NewsCore.framework/Versions/A/NewsCore
0x000000028171f000 	/System/Library/PrivateFrameworks/TeaDB.framework/Versions/A/TeaDB
0x00000001e770b000 	/System/Library/PrivateFrameworks/RemoteConfiguration.framework/Versions/A/RemoteConfiguration
0x00000001ea95e000 	/System/Library/PrivateFrameworks/NewsTransport.framework/Versions/A/NewsTransport
0x00000001ead65000 	/System/Library/PrivateFrameworks/NewsFoundation.framework/Versions/A/NewsFoundation
0x000000026cc27000 	/System/Library/PrivateFrameworks/NewsURLBucket.framework/Versions/A/NewsURLBucket
0x00000001c12f1000 	/System/Library/PrivateFrameworks/MobileInstallation.framework/Versions/A/MobileInstallation
0x000000023df48000 	/System/Library/Frameworks/Translation.framework/Versions/A/Translation
0x00000001da795000 	/System/Library/PrivateFrameworks/RevealCore.framework/Versions/A/RevealCore
0x00000001da789000 	/System/Library/PrivateFrameworks/Reveal.framework/Versions/A/Reveal
0x00000001d2430000 	/System/Library/Frameworks/Speech.framework/Versions/A/Speech
0x000000023f432000 	/System/Library/PrivateFrameworks/AIMLExperimentationAnalytics.framework/Versions/A/AIMLExperimentationAnalytics
0x00000002418ad000 	/System/Library/PrivateFrameworks/AlgorithmsInternal.framework/Versions/A/AlgorithmsInternal
0x00000002850dd000 	/System/Library/PrivateFrameworks/TranslationUIServices.framework/Versions/A/TranslationUIServices
0x0000000283e31000 	/System/Library/PrivateFrameworks/TipKitCore.framework/Versions/A/TipKitCore
0x00000001c6755000 	/System/Library/PrivateFrameworks/CoreCDPInternal.framework/Versions/A/CoreCDPInternal
0x000000025e8f0000 	/System/Library/PrivateFrameworks/InputAnalytics.framework/Versions/A/InputAnalytics
0x00000001cc3da000 	/System/Library/Frameworks/InstantMessage.framework/Versions/A/InstantMessage
0x00000001c420b000 	/System/Library/PrivateFrameworks/IDSKVStore.framework/Versions/A/IDSKVStore
0x00000001c3ebd000 	/System/Library/PrivateFrameworks/IMDPersistence.framework/Versions/A/IMDPersistence
0x0000000287004000 	/System/Library/PrivateFrameworks/UserSafety.framework/Versions/A/UserSafety
0x00000001e5698000 	/System/Library/PrivateFrameworks/BlastDoor.framework/Versions/A/BlastDoor
0x0000000262ff8000 	/System/Library/PrivateFrameworks/LinkPresentationStyleSheetParsing.framework/Versions/A/LinkPresentationStyleSheetParsing
0x0000000271eaa000 	/System/Library/PrivateFrameworks/PosterFoundation.framework/Versions/A/PosterFoundation
0x0000000271f37000 	/System/Library/PrivateFrameworks/PosterModel.framework/Versions/A/PosterModel
0x0000000271f12000 	/System/Library/PrivateFrameworks/PosterFuturesKit.framework/Versions/A/PosterFuturesKit
0x00000002510f1000 	/System/Library/PrivateFrameworks/FeedbackService.framework/Versions/A/FeedbackService
0x00000001bd029000 	/System/Library/PrivateFrameworks/CoreSDB.framework/Versions/A/CoreSDB
0x000000024488a000 	/System/Library/PrivateFrameworks/AskToCore.framework/Versions/A/AskToCore
0x00000001df69f000 	/System/Library/PrivateFrameworks/MachineSettings.framework/Versions/A/MachineSettings
0x00000001d0d85000 	/System/Library/PrivateFrameworks/BezelServices.framework/Versions/A/BezelServices
0x00000001c867c000 	/System/Library/PrivateFrameworks/SPOwner.framework/Versions/A/SPOwner
0x00000001c0f44000 	/System/Library/PrivateFrameworks/FMCore.framework/Versions/A/FMCore
0x000000028db40000 	/System/Library/PrivateFrameworks/iCloudQuota.framework/Versions/A/iCloudQuota
0x00000001b5780000 	/System/Library/PrivateFrameworks/CoreRecognition.framework/Versions/A/CoreRecognition
0x00000001d0e45000 	/System/Library/PrivateFrameworks/InAppMessages.framework/Versions/A/InAppMessages
0x00000001f3b97000 	/System/Library/PrivateFrameworks/JetUI.framework/Versions/A/JetUI
0x00000002621f0000 	/System/Library/PrivateFrameworks/JetPack.framework/Versions/A/JetPack
0x00000001d0e3c000 	/System/Library/PrivateFrameworks/InAppMessagesCore.framework/Versions/A/InAppMessagesCore
0x000000028cf5d000 	/System/Library/PrivateFrameworks/_JetEngine_SwiftUI.framework/Versions/A/_JetEngine_SwiftUI
0x000000028121b000 	/System/Library/PrivateFrameworks/Synapse.framework/Versions/A/Synapse
0x0000000246ab3000 	/System/Library/PrivateFrameworks/CSExattrCrypto.framework/Versions/A/CSExattrCrypto
0x00000001c245c000 	/System/Library/PrivateFrameworks/StoreFoundation.framework/Versions/A/StoreFoundation
0x00000001c0f3e000 	/System/Library/PrivateFrameworks/ServerInformation.framework/Versions/A/ServerInformation
0x00000001c0956000 	/System/Library/PrivateFrameworks/Install.framework/Frameworks/DistributionKit.framework/Versions/A/DistributionKit
0x00000001b9def000 	/System/Library/PrivateFrameworks/PackageKit.framework/Versions/A/PackageKit
0x00000001c0979000 	/System/Library/PrivateFrameworks/OSPersonalization.framework/Versions/A/OSPersonalization
0x00000001c29c2000 	/System/Library/PrivateFrameworks/BridgeOSSoftwareUpdate.framework/Versions/A/BridgeOSSoftwareUpdate
0x00000001bd4cd000 	/System/Library/PrivateFrameworks/StorageManagement.framework/Versions/A/StorageManagement
0x00000001d22b4000 	/usr/lib/libauthinstall.dylib
0x00000001c29cb000 	/System/Library/PrivateFrameworks/InstallerDiagnostics.framework/Versions/A/InstallerDiagnostics
0x00000001d296d000 	/usr/lib/libcrypto.42.dylib
0x0000000294784000 	/usr/lib/updaters/libAppleTconUARPUpdater.dylib
0x0000000294919000 	/usr/lib/updaters/libT200Updater.dylib
0x00000001c29b0000 	/System/Library/PrivateFrameworks/GPUInfo.framework/Versions/A/GPUInfo
0x00000001d0f42000 	/System/Library/PrivateFrameworks/MobileActivationMacOS.framework/Versions/A/MobileActivationMacOS
0x00000001b4d02000 	/System/Library/PrivateFrameworks/AccountsDaemon.framework/Versions/A/AccountsDaemon
0x0000000245264000 	/System/Library/PrivateFrameworks/BackgroundSystemTasks.framework/Versions/A/BackgroundSystemTasks
0x0000000280f3e000 	/System/Library/PrivateFrameworks/Symptoms.framework/Versions/A/Frameworks/SymptomAnalytics.framework/Versions/A/SymptomAnalytics
0x00000001a8749000 	/usr/lib/libnetworkextension.dylib
0x00000001a52b1000 	/System/Library/Frameworks/NetworkExtension.framework/Versions/A/NetworkExtension
0x00000001c2a0e000 	/System/Library/PrivateFrameworks/AOSKit.framework/Versions/A/AOSKit
0x00000001a18a1000 	/System/Library/PrivateFrameworks/AppSSOCore.framework/Versions/A/AppSSOCore
0x00000001ad4e8000 	/System/Library/PrivateFrameworks/DuetActivityScheduler.framework/Versions/A/DuetActivityScheduler
0x00000001cf49b000 	/System/Library/PrivateFrameworks/NetworkServiceProxy.framework/Versions/A/NetworkServiceProxy
0x00000001abc08000 	/System/Library/PrivateFrameworks/CoreDuetContext.framework/Versions/A/CoreDuetContext
0x00000001963a2000 	/System/Library/PrivateFrameworks/CoreDuet.framework/Versions/A/CoreDuet
0x00000001b0a09000 	/System/Library/PrivateFrameworks/AssistantServices.framework/Versions/A/AssistantServices
0x00000001aabee000 	/System/Library/PrivateFrameworks/SAObjects.framework/Versions/A/SAObjects
0x00000001b05f4000 	/System/Library/PrivateFrameworks/MediaRemote.framework/Versions/A/MediaRemote
0x000000027d7cd000 	/System/Library/PrivateFrameworks/SiriTTSService.framework/Versions/A/SiriTTSService
0x0000000277eca000 	/System/Library/PrivateFrameworks/SiriCrossDeviceArbitration.framework/Versions/A/SiriCrossDeviceArbitration
0x0000000250c7c000 	/System/Library/PrivateFrameworks/FaceTimeNameUtility.framework/Versions/A/FaceTimeNameUtility
0x0000000277f1e000 	/System/Library/PrivateFrameworks/SiriCrossDeviceArbitrationFeedback.framework/Versions/A/SiriCrossDeviceArbitrationFeedback
0x00000001b5590000 	/System/Library/PrivateFrameworks/MediaServices.framework/Versions/A/MediaServices
0x00000001a1ceb000 	/System/Library/PrivateFrameworks/PersistentConnection.framework/Versions/A/PersistentConnection
0x000000027f0c4000 	/System/Library/PrivateFrameworks/SonicFoundation.framework/Versions/A/SonicFoundation
0x00000001c4f0b000 	/usr/lib/libtailspin.dylib
0x00000001d8ed2000 	/System/Library/PrivateFrameworks/Osprey.framework/Versions/A/Osprey
0x000000027ce4d000 	/System/Library/PrivateFrameworks/SiriTTS.framework/Versions/A/SiriTTS
0x000000027ba0d000 	/System/Library/PrivateFrameworks/SiriPowerInstrumentation.framework/Versions/A/SiriPowerInstrumentation
0x000000028171d000 	/System/Library/PrivateFrameworks/TailspinSymbolication.framework/Versions/A/TailspinSymbolication
0x000000024efe8000 	/System/Library/PrivateFrameworks/Darwinup.framework/Versions/A/Darwinup
0x00000001bcfb6000 	/System/Library/PrivateFrameworks/FeatureFlagsSupport.framework/Versions/A/FeatureFlagsSupport
0x00000001d1802000 	/System/Library/PrivateFrameworks/SampleAnalysis.framework/Versions/A/SampleAnalysis
0x00000001dac34000 	/System/Library/PrivateFrameworks/BulkSymbolication.framework/Versions/A/BulkSymbolication
0x00000001ae636000 	/System/Library/PrivateFrameworks/CoreDuetDaemonProtocol.framework/Versions/A/CoreDuetDaemonProtocol
0x00000001bc587000 	/System/Library/PrivateFrameworks/FindMyDevice.framework/Versions/A/FindMyDevice
0x00000001b11fe000 	/System/Library/PrivateFrameworks/FMCoreLite.framework/Versions/A/FMCoreLite
0x000000019f3a4000 	/System/Library/Frameworks/ServiceManagement.framework/Versions/A/ServiceManagement
0x000000024edae000 	/System/Library/PrivateFrameworks/CryptoKitPrivate.framework/Versions/A/CryptoKitPrivate
0x00000001c22de000 	/System/Library/PrivateFrameworks/CaptiveNetwork.framework/Versions/A/CaptiveNetwork
0x00000001aca33000 	/System/Library/PrivateFrameworks/EAP8021X.framework/Versions/A/EAP8021X

JVMTI agents: none


VM Arguments:
jvm_args: -XX:TieredStopAtLevel=1 
java_command: <unknown>
java_class_path (initial): /Users/nathanspencer/Desktop/code/nstk/nstk/propagation/_java_orbit_propagation/OrekitOrbitPropagationBridge.jar:/Users/nathanspencer/Desktop/code/nstk/nstk/transforms/java_timed_rotations/TimedRotationBridge.jar:/Users/nathanspencer/Desktop/code/nstk/.venv/lib/python3.14/site-packages/orekit_jpype/jars/hipparchus-filtering-4.0.3.jar:/Users/nathanspencer/Desktop/code/nstk/.venv/lib/python3.14/site-packages/orekit_jpype/jars/hipparchus-geometry-4.0.3.jar:/Users/nathanspencer/Desktop/code/nstk/.venv/lib/python3.14/site-packages/orekit_jpype/jars/hipparchus-core-4.0.3.jar:/Users/nathanspencer/Desktop/code/nstk/.venv/lib/python3.14/site-packages/orekit_jpype/jars/hipparchus-ode-4.0.3.jar:/Users/nathanspencer/Desktop/code/nstk/.venv/lib/python3.14/site-packages/orekit_jpype/jars/hipparchus-fitting-4.0.3.jar:/Users/nathanspencer/Desktop/code/nstk/.venv/lib/python3.14/site-packages/orekit_jpype/jars/rugged-4.0.1.jar:/Users/nathanspencer/Desktop/code/nstk/.venv/lib/python3.14/site-packages/orekit_jpype/jars/hipparchus-stat-4.0.3.jar:/Users/nathanspencer/Desktop/code/nstk/.venv/lib/python3.14/site-packages/orekit_jpype/jars/orekit-13.1.4.jar:/Users/nathanspencer/Desktop/code/nstk/.venv/lib/python3.14/site-packages/orekit_jpype/jars/hipparchus-optim-4.0.3.jar:/Users/nathanspencer/Desktop/code/nstk/.venv/lib/python3.14/site-packages/org.jpype.jar
Launcher Type: generic

[Global flags]
     intx CICompilerCount                          = 4                                         {product} {ergonomic}
     uint ConcGCThreads                            = 2                                         {product} {ergonomic}
     uint G1ConcRefinementThreads                  = 9                                         {product} {ergonomic}
   size_t G1HeapRegionSize                         = 4194304                                   {product} {ergonomic}
    uintx GCDrainStackTargetSize                   = 64                                        {product} {ergonomic}
   size_t InitialHeapSize                          = 536870912                                 {product} {ergonomic}
   size_t MarkStackSize                            = 4194304                                   {product} {ergonomic}
   size_t MaxHeapSize                              = 8589934592                                {product} {ergonomic}
   size_t MaxNewSize                               = 5150605312                                {product} {ergonomic}
   size_t MinHeapDeltaBytes                        = 4194304                                   {product} {ergonomic}
   size_t MinHeapSize                              = 8388608                                   {product} {ergonomic}
    uintx NonNMethodCodeHeapSize                   = 16384                                  {pd product} {ergonomic}
    uintx NonProfiledCodeHeapSize                  = 0                                      {pd product} {ergonomic}
     bool ProfileInterpreter                       = false                                  {pd product} {command line}
    uintx ProfiledCodeHeapSize                     = 0                                      {pd product} {ergonomic}
   size_t SoftMaxHeapSize                          = 8589934592                             {manageable} {ergonomic}
     intx TieredStopAtLevel                        = 1                                         {product} {command line}
     bool UseCompressedOops                        = true                           {product lp64_product} {ergonomic}
     bool UseG1GC                                  = true                                      {product} {ergonomic}
     bool UseNUMA                                  = false                                     {product} {ergonomic}
     bool UseNUMAInterleaving                      = false                                     {product} {ergonomic}

Logging:
Log output configuration:
 #0: stdout all=warning uptime,level,tags foldmultilines=false
 #1: stderr all=off uptime,level,tags foldmultilines=false

Environment Variables:
JAVA_HOME=/Users/nathanspencer/Desktop/code/nstk/.venv/lib/python3.14/site-packages/jdk4py/java-runtime
PATH=/Users/nathanspencer/Desktop/code/Nebula/.venv/bin:/Users/nathanspencer/Library/Application Support/Code/User/globalStorage/github.copilot-chat/debugCommand:/Users/nathanspencer/Library/Application Support/Code/User/globalStorage/github.copilot-chat/copilotCli:/Library/Frameworks/Python.framework/Versions/3.14/bin:/usr/local/bin:/System/Cryptexes/App/usr/bin:/usr/bin:/bin:/usr/sbin:/sbin:/var/run/com.apple.security.cryptexd/codex.system/bootstrap/usr/local/bin:/var/run/com.apple.security.cryptexd/codex.system/bootstrap/usr/bin:/var/run/com.apple.security.cryptexd/codex.system/bootstrap/usr/appleinternal/bin:/opt/pkg/env/active/bin:/opt/pmk/env/global/bin:/opt/homebrew/bin:/Users/nathanspencer/Library/Application Support/Code/User/globalStorage/github.copilot-chat/debugCommand:/Users/nathanspencer/Library/Application Support/Code/User/globalStorage/github.copilot-chat/copilotCli:/Library/Frameworks/Python.framework/Versions/3.14/bin:/Users/nathanspencer/.vscode/extensions/ms-python.debugpy-2025.18.0-darwin-arm64/bundled/scripts/noConfigScripts
SHELL=/bin/zsh
LANG=C.UTF-8
TERM=xterm-256color
TMPDIR=/var/folders/4q/3tsr8xx96ln45_bfghl095k00000gn/T/

Active Locale:
LC_ALL=C/C.UTF-8/C/C/C/C
LC_COLLATE=C
LC_CTYPE=C.UTF-8
LC_MESSAGES=C
LC_MONETARY=C
LC_NUMERIC=C
LC_TIME=C

Signal Handlers:
   SIGSEGV: crash_handler in libjvm.dylib, mask=11100110000111110111111111111111, flags=SA_ONSTACK|SA_RESTART|SA_SIGINFO, unblocked
    SIGBUS: crash_handler in libjvm.dylib, mask=11100110000111110111111111111111, flags=SA_RESTART|SA_SIGINFO, unblocked
    SIGFPE: crash_handler in libjvm.dylib, mask=11100110000111110111111111111111, flags=SA_RESTART|SA_SIGINFO, unblocked
   SIGPIPE: javaSignalHandler in libjvm.dylib, mask=11100110000111110111111111111111, flags=SA_RESTART|SA_SIGINFO, blocked
   SIGXFSZ: javaSignalHandler in libjvm.dylib, mask=11100110000111110111111111111111, flags=SA_RESTART|SA_SIGINFO, blocked
    SIGILL: crash_handler in libjvm.dylib, mask=11100110000111110111111111111111, flags=SA_RESTART|SA_SIGINFO, unblocked
   SIGUSR2: SR_handler in libjvm.dylib, mask=00000000000000000000000000000000, flags=SA_RESTART|SA_SIGINFO, blocked
    SIGHUP: UserHandler in libjvm.dylib, mask=11100110000111110111111111111111, flags=SA_RESTART|SA_SIGINFO, blocked
    SIGINT: signal_handler in Python, mask=00000000000000000000000000000000, flags=SA_ONSTACK, blocked
   SIGTERM: UserHandler in libjvm.dylib, mask=11100110000111110111111111111111, flags=SA_RESTART|SA_SIGINFO, blocked
   SIGQUIT: UserHandler in libjvm.dylib, mask=11100110000111110111111111111111, flags=SA_RESTART|SA_SIGINFO, blocked
   SIGTRAP: crash_handler in libjvm.dylib, mask=11100110000111110111111111111111, flags=SA_RESTART|SA_SIGINFO, unblocked


Periodic native trim disabled

---------------  S Y S T E M  ---------------

OS:
uname: Darwin 25.4.0 Darwin Kernel Version 25.4.0: Thu Mar 19 19:33:43 PDT 2026; root:xnu-12377.101.15~1/RELEASE_ARM64_T8142 arm64
OS uptime: 5 days 10:59 hours
rlimit (soft/hard): STACK 8176k/65520k , CORE 0k/infinity , NPROC 5333/8000 , NOFILE 1048576/infinity , AS infinity/infinity , CPU infinity/infinity , DATA infinity/infinity , FSIZE infinity/infinity , MEMLOCK infinity/infinity , RSS infinity/infinity
load average: 1.83 1.74 1.68

CPU: total 10 (initial active 10) 0x61:0x0:0x1d5a87e8:0, fp, asimd, aes, pmull, sha1, sha256, crc32, lse, sha3, sha512
machdep.cpu.brand_string:Apple M5
hw.cachelinesize:128
hw.l1icachesize:131072
hw.l1dcachesize:65536
hw.l2cachesize:6291456

Memory: 16k page, physical 33554432k(4360160k free), swap 0k(0k free)

vm_info: OpenJDK 64-Bit Server VM (21.0.8+9-LTS) for bsd-aarch64 JRE (21.0.8+9-LTS), built on 2025-07-15T00:00:00Z by "admin" with clang Apple LLVM 15.0.0 (clang-1500.1.0.2.5)

END.
